INFO 2026-06-19 08:04:56,812 apps TasksConfig.ready() 被调用
INFO 2026-06-19 08:04:56,813 apps 不是主进程，跳过后台任务启动
INFO 2026-06-19 08:04:57,134 apps TasksConfig.ready() 被调用
INFO 2026-06-19 08:04:57,134 apps RUN_BACKGROUND_TASKS 设置: True
INFO 2026-06-19 08:04:57,134 apps 正在启动后台任务...
INFO 2026-06-19 08:04:57,751 tasks 尝试启动后台任务线程
INFO 2026-06-19 08:04:57,752 tasks 后台任务线程已启动，线程名: PasswordCheckThread
INFO 2026-06-19 08:04:57,753 apps 后台任务启动函数已调用
INFO 2026-06-19 08:04:57,756 autoreload Watching for file changes with StatReloader
ERROR 2026-06-19 08:05:18,808 permission 检查过期密码时出错: (2002, "Can't connect to server on '10.199.0.54' (10060)")
Traceback (most recent call last):
  File "C:\Users\98110\AppData\Local\Python\pythoncore-3.14-64\Lib\site-packages\django\db\backends\base\base.py", line 279, in ensure_connection
    self.connect()
    ~~~~~~~~~~~~^^
  File "C:\Users\98110\AppData\Local\Python\pythoncore-3.14-64\Lib\site-packages\django\utils\asyncio.py", line 26, in inner
    return func(*args, **kwargs)
  File "C:\Users\98110\AppData\Local\Python\pythoncore-3.14-64\Lib\site-packages\django\db\backends\base\base.py", line 256, in connect
    self.connection = self.get_new_connection(conn_params)
                      ~~~~~~~~~~~~~~~~~~~~~~~^^^^^^^^^^^^^
  File "C:\Users\98110\AppData\Local\Python\pythoncore-3.14-64\Lib\site-packages\django\utils\asyncio.py", line 26, in inner
    return func(*args, **kwargs)
  File "C:\Users\98110\AppData\Local\Python\pythoncore-3.14-64\Lib\site-packages\django\db\backends\mysql\base.py", line 256, in get_new_connection
    connection = Database.connect(**conn_params)
  File "C:\Users\98110\AppData\Local\Python\pythoncore-3.14-64\Lib\site-packages\MySQLdb\__init__.py", line 121, in Connect
    return Connection(*args, **kwargs)
  File "C:\Users\98110\AppData\Local\Python\pythoncore-3.14-64\Lib\site-packages\MySQLdb\connections.py", line 206, in __init__
    super().__init__(*args, **kwargs2)
    ~~~~~~~~~~~~~~~~^^^^^^^^^^^^^^^^^^
MySQLdb.OperationalError: (2002, "Can't connect to server on '10.199.0.54' (10060)")

The above exception was the direct cause of the following exception:

Traceback (most recent call last):
  File "D:\SynologyDrive\Myfile\办公整合\个人文件\pycode\server_management\app01\views\permission.py", line 126, in check_expired_passwords
    if expired_servers.exists() or auto_expired_servers.exists():
       ~~~~~~~~~~~~~~~~~~~~~~^^
  File "C:\Users\98110\AppData\Local\Python\pythoncore-3.14-64\Lib\site-packages\django\db\models\query.py", line 1298, in exists
    return self.query.has_results(using=self.db)
           ~~~~~~~~~~~~~~~~~~~~~~^^^^^^^^^^^^^^^
  File "C:\Users\98110\AppData\Local\Python\pythoncore-3.14-64\Lib\site-packages\django\db\models\sql\query.py", line 676, in has_results
    return compiler.has_results()
           ~~~~~~~~~~~~~~~~~~~~^^
  File "C:\Users\98110\AppData\Local\Python\pythoncore-3.14-64\Lib\site-packages\django\db\models\sql\compiler.py", line 1591, in has_results
    return bool(self.execute_sql(SINGLE))
                ~~~~~~~~~~~~~~~~^^^^^^^^
  File "C:\Users\98110\AppData\Local\Python\pythoncore-3.14-64\Lib\site-packages\django\db\models\sql\compiler.py", line 1621, in execute_sql
    cursor = self.connection.cursor()
  File "C:\Users\98110\AppData\Local\Python\pythoncore-3.14-64\Lib\site-packages\django\utils\asyncio.py", line 26, in inner
    return func(*args, **kwargs)
  File "C:\Users\98110\AppData\Local\Python\pythoncore-3.14-64\Lib\site-packages\django\db\backends\base\base.py", line 320, in cursor
    return self._cursor()
           ~~~~~~~~~~~~^^
  File "C:\Users\98110\AppData\Local\Python\pythoncore-3.14-64\Lib\site-packages\django\db\backends\base\base.py", line 296, in _cursor
    self.ensure_connection()
    ~~~~~~~~~~~~~~~~~~~~~~^^
  File "C:\Users\98110\AppData\Local\Python\pythoncore-3.14-64\Lib\site-packages\django\utils\asyncio.py", line 26, in inner
    return func(*args, **kwargs)
  File "C:\Users\98110\AppData\Local\Python\pythoncore-3.14-64\Lib\site-packages\django\db\backends\base\base.py", line 278, in ensure_connection
    with self.wrap_database_errors:
         ^^^^^^^^^^^^^^^^^^^^^^^^^
  File "C:\Users\98110\AppData\Local\Python\pythoncore-3.14-64\Lib\site-packages\django\db\utils.py", line 91, in __exit__
    raise dj_exc_value.with_traceback(traceback) from exc_value
  File "C:\Users\98110\AppData\Local\Python\pythoncore-3.14-64\Lib\site-packages\django\db\backends\base\base.py", line 279, in ensure_connection
    self.connect()
    ~~~~~~~~~~~~^^
  File "C:\Users\98110\AppData\Local\Python\pythoncore-3.14-64\Lib\site-packages\django\utils\asyncio.py", line 26, in inner
    return func(*args, **kwargs)
  File "C:\Users\98110\AppData\Local\Python\pythoncore-3.14-64\Lib\site-packages\django\db\backends\base\base.py", line 256, in connect
    self.connection = self.get_new_connection(conn_params)
                      ~~~~~~~~~~~~~~~~~~~~~~~^^^^^^^^^^^^^
  File "C:\Users\98110\AppData\Local\Python\pythoncore-3.14-64\Lib\site-packages\django\utils\asyncio.py", line 26, in inner
    return func(*args, **kwargs)
  File "C:\Users\98110\AppData\Local\Python\pythoncore-3.14-64\Lib\site-packages\django\db\backends\mysql\base.py", line 256, in get_new_connection
    connection = Database.connect(**conn_params)
  File "C:\Users\98110\AppData\Local\Python\pythoncore-3.14-64\Lib\site-packages\MySQLdb\__init__.py", line 121, in Connect
    return Connection(*args, **kwargs)
  File "C:\Users\98110\AppData\Local\Python\pythoncore-3.14-64\Lib\site-packages\MySQLdb\connections.py", line 206, in __init__
    super().__init__(*args, **kwargs2)
    ~~~~~~~~~~~~~~~~^^^^^^^^^^^^^^^^^^
django.db.utils.OperationalError: (2002, "Can't connect to server on '10.199.0.54' (10060)")
INFO 2026-06-19 08:08:27,729 apps TasksConfig.ready() 被调用
INFO 2026-06-19 08:08:27,730 apps 不是主进程，跳过后台任务启动
INFO 2026-06-19 08:08:27,998 apps TasksConfig.ready() 被调用
INFO 2026-06-19 08:08:27,998 apps RUN_BACKGROUND_TASKS 设置: True
INFO 2026-06-19 08:08:27,998 apps 正在启动后台任务...
INFO 2026-06-19 08:08:28,112 tasks 尝试启动后台任务线程
INFO 2026-06-19 08:08:28,113 tasks 后台任务线程已启动，线程名: PasswordCheckThread
INFO 2026-06-19 08:08:28,113 apps 后台任务启动函数已调用
INFO 2026-06-19 08:08:28,118 autoreload Watching for file changes with StatReloader
ERROR 2026-06-19 08:08:28,295 permission 检查过期密码时出错: (1045, "Access denied for user 'root'@'10.231.14.164' (using password: YES)")
Traceback (most recent call last):
  File "C:\Users\98110\AppData\Local\Python\pythoncore-3.14-64\Lib\site-packages\django\db\backends\base\base.py", line 279, in ensure_connection
    self.connect()
    ~~~~~~~~~~~~^^
  File "C:\Users\98110\AppData\Local\Python\pythoncore-3.14-64\Lib\site-packages\django\utils\asyncio.py", line 26, in inner
    return func(*args, **kwargs)
  File "C:\Users\98110\AppData\Local\Python\pythoncore-3.14-64\Lib\site-packages\django\db\backends\base\base.py", line 256, in connect
    self.connection = self.get_new_connection(conn_params)
                      ~~~~~~~~~~~~~~~~~~~~~~~^^^^^^^^^^^^^
  File "C:\Users\98110\AppData\Local\Python\pythoncore-3.14-64\Lib\site-packages\django\utils\asyncio.py", line 26, in inner
    return func(*args, **kwargs)
  File "C:\Users\98110\AppData\Local\Python\pythoncore-3.14-64\Lib\site-packages\django\db\backends\mysql\base.py", line 256, in get_new_connection
    connection = Database.connect(**conn_params)
  File "C:\Users\98110\AppData\Local\Python\pythoncore-3.14-64\Lib\site-packages\MySQLdb\__init__.py", line 121, in Connect
    return Connection(*args, **kwargs)
  File "C:\Users\98110\AppData\Local\Python\pythoncore-3.14-64\Lib\site-packages\MySQLdb\connections.py", line 206, in __init__
    super().__init__(*args, **kwargs2)
    ~~~~~~~~~~~~~~~~^^^^^^^^^^^^^^^^^^
MySQLdb.OperationalError: (1045, "Access denied for user 'root'@'10.231.14.164' (using password: YES)")

The above exception was the direct cause of the following exception:

Traceback (most recent call last):
  File "D:\SynologyDrive\Myfile\办公整合\个人文件\pycode\server_management\app01\views\permission.py", line 126, in check_expired_passwords
    if expired_servers.exists() or auto_expired_servers.exists():
       ~~~~~~~~~~~~~~~~~~~~~~^^
  File "C:\Users\98110\AppData\Local\Python\pythoncore-3.14-64\Lib\site-packages\django\db\models\query.py", line 1298, in exists
    return self.query.has_results(using=self.db)
           ~~~~~~~~~~~~~~~~~~~~~~^^^^^^^^^^^^^^^
  File "C:\Users\98110\AppData\Local\Python\pythoncore-3.14-64\Lib\site-packages\django\db\models\sql\query.py", line 676, in has_results
    return compiler.has_results()
           ~~~~~~~~~~~~~~~~~~~~^^
  File "C:\Users\98110\AppData\Local\Python\pythoncore-3.14-64\Lib\site-packages\django\db\models\sql\compiler.py", line 1591, in has_results
    return bool(self.execute_sql(SINGLE))
                ~~~~~~~~~~~~~~~~^^^^^^^^
  File "C:\Users\98110\AppData\Local\Python\pythoncore-3.14-64\Lib\site-packages\django\db\models\sql\compiler.py", line 1621, in execute_sql
    cursor = self.connection.cursor()
  File "C:\Users\98110\AppData\Local\Python\pythoncore-3.14-64\Lib\site-packages\django\utils\asyncio.py", line 26, in inner
    return func(*args, **kwargs)
  File "C:\Users\98110\AppData\Local\Python\pythoncore-3.14-64\Lib\site-packages\django\db\backends\base\base.py", line 320, in cursor
    return self._cursor()
           ~~~~~~~~~~~~^^
  File "C:\Users\98110\AppData\Local\Python\pythoncore-3.14-64\Lib\site-packages\django\db\backends\base\base.py", line 296, in _cursor
    self.ensure_connection()
    ~~~~~~~~~~~~~~~~~~~~~~^^
  File "C:\Users\98110\AppData\Local\Python\pythoncore-3.14-64\Lib\site-packages\django\utils\asyncio.py", line 26, in inner
    return func(*args, **kwargs)
  File "C:\Users\98110\AppData\Local\Python\pythoncore-3.14-64\Lib\site-packages\django\db\backends\base\base.py", line 278, in ensure_connection
    with self.wrap_database_errors:
         ^^^^^^^^^^^^^^^^^^^^^^^^^
  File "C:\Users\98110\AppData\Local\Python\pythoncore-3.14-64\Lib\site-packages\django\db\utils.py", line 91, in __exit__
    raise dj_exc_value.with_traceback(traceback) from exc_value
  File "C:\Users\98110\AppData\Local\Python\pythoncore-3.14-64\Lib\site-packages\django\db\backends\base\base.py", line 279, in ensure_connection
    self.connect()
    ~~~~~~~~~~~~^^
  File "C:\Users\98110\AppData\Local\Python\pythoncore-3.14-64\Lib\site-packages\django\utils\asyncio.py", line 26, in inner
    return func(*args, **kwargs)
  File "C:\Users\98110\AppData\Local\Python\pythoncore-3.14-64\Lib\site-packages\django\db\backends\base\base.py", line 256, in connect
    self.connection = self.get_new_connection(conn_params)
                      ~~~~~~~~~~~~~~~~~~~~~~~^^^^^^^^^^^^^
  File "C:\Users\98110\AppData\Local\Python\pythoncore-3.14-64\Lib\site-packages\django\utils\asyncio.py", line 26, in inner
    return func(*args, **kwargs)
  File "C:\Users\98110\AppData\Local\Python\pythoncore-3.14-64\Lib\site-packages\django\db\backends\mysql\base.py", line 256, in get_new_connection
    connection = Database.connect(**conn_params)
  File "C:\Users\98110\AppData\Local\Python\pythoncore-3.14-64\Lib\site-packages\MySQLdb\__init__.py", line 121, in Connect
    return Connection(*args, **kwargs)
  File "C:\Users\98110\AppData\Local\Python\pythoncore-3.14-64\Lib\site-packages\MySQLdb\connections.py", line 206, in __init__
    super().__init__(*args, **kwargs2)
    ~~~~~~~~~~~~~~~~^^^^^^^^^^^^^^^^^^
django.db.utils.OperationalError: (1045, "Access denied for user 'root'@'10.231.14.164' (using password: YES)")
INFO 2026-06-19 08:09:29,808 apps TasksConfig.ready() 被调用
INFO 2026-06-19 08:09:29,808 apps 不是主进程，跳过后台任务启动
INFO 2026-06-19 08:09:30,073 apps TasksConfig.ready() 被调用
INFO 2026-06-19 08:09:30,073 apps RUN_BACKGROUND_TASKS 设置: True
INFO 2026-06-19 08:09:30,073 apps 正在启动后台任务...
INFO 2026-06-19 08:09:30,162 tasks 尝试启动后台任务线程
INFO 2026-06-19 08:09:30,164 tasks 后台任务线程已启动，线程名: PasswordCheckThread
INFO 2026-06-19 08:09:30,164 apps 后台任务启动函数已调用
INFO 2026-06-19 08:09:30,169 autoreload Watching for file changes with StatReloader
DEBUG 2026-06-19 08:09:58,289 middleware 请求路径: /
DEBUG 2026-06-19 08:09:58,289 middleware 请求方法: GET
DEBUG 2026-06-19 08:09:58,289 middleware 检查认证: /
WARNING 2026-06-19 08:09:58,290 middleware 未找到访问令牌: /
INFO 2026-06-19 08:09:58,292 basehttp "GET / HTTP/1.1" 302 0
DEBUG 2026-06-19 08:09:58,297 middleware 请求路径: /login/
DEBUG 2026-06-19 08:09:58,297 middleware 请求方法: GET
DEBUG 2026-06-19 08:09:58,297 middleware 公共路径: /login/ - 跳过认证
DEBUG 2026-06-19 08:09:58,297 auth 收到登录请求
INFO 2026-06-19 08:09:58,312 basehttp "GET /login/ HTTP/1.1" 200 3698
INFO 2026-06-19 08:09:58,447 basehttp "GET /static/css/custom.css HTTP/1.1" 200 15646
INFO 2026-06-19 08:09:58,450 basehttp "GET /static/js/custom.js HTTP/1.1" 200 60367
INFO 2026-06-19 08:09:58,452 basehttp "GET /static/js/login.js HTTP/1.1" 200 3375
INFO 2026-06-19 08:09:58,459 basehttp "GET /static/css/all.min.css HTTP/1.1" 200 73890
INFO 2026-06-19 08:09:58,487 basehttp "GET /static/css/login.css HTTP/1.1" 200 100
INFO 2026-06-19 08:09:58,490 basehttp "GET /static/css/bootstrap.min.css HTTP/1.1" 200 232018
INFO 2026-06-19 08:09:58,496 basehttp "GET /static/js/bootstrap.bundle.min.js HTTP/1.1" 200 80821
INFO 2026-06-19 08:09:58,496 basehttp "GET /static/js/jquery-3.7.1.min.js HTTP/1.1" 200 105295
INFO 2026-06-19 08:09:58,525 basehttp "GET /static/webfonts/fa-solid-900.woff2 HTTP/1.1" 200 158220
DEBUG 2026-06-19 08:09:58,529 middleware 请求路径: /api/available_servers/
DEBUG 2026-06-19 08:09:58,529 middleware 请求方法: GET
DEBUG 2026-06-19 08:09:58,530 middleware 检查认证: /api/available_servers/
WARNING 2026-06-19 08:09:58,530 middleware 未找到访问令牌: /api/available_servers/
WARNING 2026-06-19 08:09:58,535 log Unauthorized: /api/available_servers/
WARNING 2026-06-19 08:09:58,535 basehttp "GET /api/available_servers/ HTTP/1.1" 401 76
DEBUG 2026-06-19 08:09:58,593 middleware 请求路径: /favicon.ico
DEBUG 2026-06-19 08:09:58,593 middleware 请求方法: GET
DEBUG 2026-06-19 08:09:58,593 middleware 公共路径: /favicon.ico - 跳过认证
WARNING 2026-06-19 08:09:58,596 log Not Found: /favicon.ico
WARNING 2026-06-19 08:09:58,596 basehttp "GET /favicon.ico HTTP/1.1" 404 9513
DEBUG 2026-06-19 08:10:07,537 middleware 请求路径: /register/
DEBUG 2026-06-19 08:10:07,537 middleware 请求方法: GET
DEBUG 2026-06-19 08:10:07,538 middleware 公共路径: /register/ - 跳过认证
DEBUG 2026-06-19 08:10:07,538 auth 收到注册请求，方法: GET
INFO 2026-06-19 08:10:07,549 basehttp "GET /register/ HTTP/1.1" 200 4867
INFO 2026-06-19 08:10:07,582 basehttp "GET /static/css/register.css HTTP/1.1" 200 57
INFO 2026-06-19 08:10:07,582 basehttp "GET /static/js/register.js HTTP/1.1" 200 4998
DEBUG 2026-06-19 08:10:07,616 middleware 请求路径: /api/available_servers/
DEBUG 2026-06-19 08:10:07,616 middleware 请求方法: GET
DEBUG 2026-06-19 08:10:07,617 middleware 检查认证: /api/available_servers/
WARNING 2026-06-19 08:10:07,617 middleware 未找到访问令牌: /api/available_servers/
WARNING 2026-06-19 08:10:07,617 log Unauthorized: /api/available_servers/
WARNING 2026-06-19 08:10:07,617 basehttp "GET /api/available_servers/ HTTP/1.1" 401 76
DEBUG 2026-06-19 08:10:22,506 middleware 请求路径: /register/
DEBUG 2026-06-19 08:10:22,506 middleware 请求方法: POST
DEBUG 2026-06-19 08:10:22,506 middleware 公共路径: /register/ - 跳过认证
DEBUG 2026-06-19 08:10:22,507 auth 收到注册请求，方法: POST
INFO 2026-06-19 08:10:22,830 basehttp "POST /register/ HTTP/1.1" 200 82
DEBUG 2026-06-19 08:10:34,349 middleware 请求路径: /register/
DEBUG 2026-06-19 08:10:34,349 middleware 请求方法: POST
DEBUG 2026-06-19 08:10:34,349 middleware 公共路径: /register/ - 跳过认证
DEBUG 2026-06-19 08:10:34,350 auth 收到注册请求，方法: POST
INFO 2026-06-19 08:10:34,629 basehttp "POST /register/ HTTP/1.1" 200 82
DEBUG 2026-06-19 08:10:48,905 middleware 请求路径: /register/
DEBUG 2026-06-19 08:10:48,905 middleware 请求方法: POST
DEBUG 2026-06-19 08:10:48,905 middleware 公共路径: /register/ - 跳过认证
DEBUG 2026-06-19 08:10:48,905 auth 收到注册请求，方法: POST
INFO 2026-06-19 08:10:49,185 basehttp "POST /register/ HTTP/1.1" 200 82
DEBUG 2026-06-19 08:10:57,507 middleware 请求路径: /register/
DEBUG 2026-06-19 08:10:57,508 middleware 请求方法: POST
DEBUG 2026-06-19 08:10:57,508 middleware 公共路径: /register/ - 跳过认证
DEBUG 2026-06-19 08:10:57,508 auth 收到注册请求，方法: POST
INFO 2026-06-19 08:10:57,786 basehttp "POST /register/ HTTP/1.1" 200 82
DEBUG 2026-06-19 08:12:45,712 middleware 请求路径: /register/
DEBUG 2026-06-19 08:12:45,712 middleware 请求方法: GET
DEBUG 2026-06-19 08:12:45,713 middleware 公共路径: /register/ - 跳过认证
DEBUG 2026-06-19 08:12:45,713 auth 收到注册请求，方法: GET
INFO 2026-06-19 08:12:45,714 basehttp "GET /register/ HTTP/1.1" 200 4867
DEBUG 2026-06-19 08:12:45,805 middleware 请求路径: /api/available_servers/
DEBUG 2026-06-19 08:12:45,806 middleware 请求方法: GET
DEBUG 2026-06-19 08:12:45,806 middleware 检查认证: /api/available_servers/
WARNING 2026-06-19 08:12:45,806 middleware 未找到访问令牌: /api/available_servers/
WARNING 2026-06-19 08:12:45,807 log Unauthorized: /api/available_servers/
WARNING 2026-06-19 08:12:45,808 basehttp "GET /api/available_servers/ HTTP/1.1" 401 76
DEBUG 2026-06-19 08:13:03,290 middleware 请求路径: /register/
DEBUG 2026-06-19 08:13:03,291 middleware 请求方法: POST
DEBUG 2026-06-19 08:13:03,291 middleware 公共路径: /register/ - 跳过认证
DEBUG 2026-06-19 08:13:03,291 auth 收到注册请求，方法: POST
INFO 2026-06-19 08:13:03,668 basehttp "POST /register/ HTTP/1.1" 200 82
DEBUG 2026-06-19 10:16:08,098 middleware 请求路径: /register/
DEBUG 2026-06-19 10:16:08,098 middleware 请求方法: GET
DEBUG 2026-06-19 10:16:08,098 middleware 公共路径: /register/ - 跳过认证
DEBUG 2026-06-19 10:16:08,099 auth 收到注册请求，方法: GET
INFO 2026-06-19 10:16:08,100 basehttp "GET /register/ HTTP/1.1" 200 4867
DEBUG 2026-06-19 10:16:23,571 middleware 请求路径: /register/
DEBUG 2026-06-19 10:16:23,571 middleware 请求方法: POST
DEBUG 2026-06-19 10:16:23,571 middleware 公共路径: /register/ - 跳过认证
DEBUG 2026-06-19 10:16:23,572 auth 收到注册请求，方法: POST
INFO 2026-06-19 10:16:24,513 basehttp "POST /register/ HTTP/1.1" 200 82
DEBUG 2026-06-19 10:22:27,560 middleware 请求路径: /register/
DEBUG 2026-06-19 10:22:27,561 middleware 请求方法: GET
DEBUG 2026-06-19 10:22:27,561 middleware 公共路径: /register/ - 跳过认证
DEBUG 2026-06-19 10:22:27,561 auth 收到注册请求，方法: GET
INFO 2026-06-19 10:22:27,562 basehttp "GET /register/ HTTP/1.1" 200 4867
DEBUG 2026-06-19 10:22:27,624 middleware 请求路径: /api/available_servers/
DEBUG 2026-06-19 10:22:27,624 middleware 请求方法: GET
DEBUG 2026-06-19 10:22:27,625 middleware 检查认证: /api/available_servers/
WARNING 2026-06-19 10:22:27,625 middleware 未找到访问令牌: /api/available_servers/
WARNING 2026-06-19 10:22:27,625 log Unauthorized: /api/available_servers/
WARNING 2026-06-19 10:22:27,625 basehttp "GET /api/available_servers/ HTTP/1.1" 401 76
DEBUG 2026-06-19 10:22:42,205 middleware 请求路径: /register/
DEBUG 2026-06-19 10:22:42,205 middleware 请求方法: POST
DEBUG 2026-06-19 10:22:42,206 middleware 公共路径: /register/ - 跳过认证
DEBUG 2026-06-19 10:22:42,206 auth 收到注册请求，方法: POST
INFO 2026-06-19 10:22:43,209 basehttp "POST /register/ HTTP/1.1" 200 82
DEBUG 2026-06-19 10:24:23,029 middleware 请求路径: /register/
DEBUG 2026-06-19 10:24:23,030 middleware 请求方法: POST
DEBUG 2026-06-19 10:24:23,030 middleware 公共路径: /register/ - 跳过认证
DEBUG 2026-06-19 10:24:23,030 auth 收到注册请求，方法: POST
INFO 2026-06-19 10:24:25,007 basehttp "POST /register/ HTTP/1.1" 200 82
INFO 2026-06-19 10:26:03,543 basehttp "GET /static/js/register.js HTTP/1.1" 200 5091
INFO 2026-06-19 10:26:06,250 basehttp "GET /static/js/register.js HTTP/1.1" 200 5091
INFO 2026-06-19 10:26:39,570 apps TasksConfig.ready() 被调用
INFO 2026-06-19 10:26:39,571 apps 不是主进程，跳过后台任务启动
INFO 2026-06-19 10:26:39,855 apps TasksConfig.ready() 被调用
INFO 2026-06-19 10:26:39,856 apps RUN_BACKGROUND_TASKS 设置: True
INFO 2026-06-19 10:26:39,856 apps 正在启动后台任务...
INFO 2026-06-19 10:26:40,674 tasks 尝试启动后台任务线程
INFO 2026-06-19 10:26:40,675 tasks 后台任务线程已启动，线程名: PasswordCheckThread
INFO 2026-06-19 10:26:40,675 apps 后台任务启动函数已调用
INFO 2026-06-19 10:26:40,679 autoreload Watching for file changes with StatReloader
DEBUG 2026-06-19 10:26:45,546 middleware 请求路径: /register/
DEBUG 2026-06-19 10:26:45,547 middleware 请求方法: GET
DEBUG 2026-06-19 10:26:45,547 middleware 公共路径: /register/ - 跳过认证
DEBUG 2026-06-19 10:26:45,547 auth 收到注册请求，方法: GET
INFO 2026-06-19 10:26:45,563 basehttp "GET /register/ HTTP/1.1" 200 4871
INFO 2026-06-19 10:26:45,709 basehttp "GET /static/css/custom.css HTTP/1.1" 200 15646
INFO 2026-06-19 10:26:45,709 basehttp "GET /static/css/bootstrap.min.css HTTP/1.1" 200 232018
INFO 2026-06-19 10:26:45,711 basehttp "GET /static/js/register.js?v=2 HTTP/1.1" 200 5091
INFO 2026-06-19 10:26:45,712 basehttp "GET /static/css/all.min.css HTTP/1.1" 200 73890
INFO 2026-06-19 10:26:45,712 basehttp "GET /static/js/custom.js HTTP/1.1" 200 60367
INFO 2026-06-19 10:26:45,721 basehttp "GET /static/js/bootstrap.bundle.min.js HTTP/1.1" 200 80821
INFO 2026-06-19 10:26:45,724 basehttp "GET /static/css/register.css HTTP/1.1" 200 57
INFO 2026-06-19 10:26:45,724 basehttp "GET /static/js/jquery-3.7.1.min.js HTTP/1.1" 200 105295
INFO 2026-06-19 10:26:45,757 basehttp "GET /static/webfonts/fa-solid-900.woff2 HTTP/1.1" 200 158220
DEBUG 2026-06-19 10:26:45,764 middleware 请求路径: /api/available_servers/
DEBUG 2026-06-19 10:26:45,764 middleware 请求方法: GET
DEBUG 2026-06-19 10:26:45,765 middleware 检查认证: /api/available_servers/
WARNING 2026-06-19 10:26:45,765 middleware 未找到访问令牌: /api/available_servers/
WARNING 2026-06-19 10:26:45,768 log Unauthorized: /api/available_servers/
WARNING 2026-06-19 10:26:45,769 basehttp "GET /api/available_servers/ HTTP/1.1" 401 76
DEBUG 2026-06-19 10:27:00,499 middleware 请求路径: /register/
DEBUG 2026-06-19 10:27:00,499 middleware 请求方法: POST
DEBUG 2026-06-19 10:27:00,500 middleware 公共路径: /register/ - 跳过认证
DEBUG 2026-06-19 10:27:00,500 auth 收到注册请求，方法: POST
INFO 2026-06-19 10:27:01,311 basehttp "POST /register/ HTTP/1.1" 200 82
DEBUG 2026-06-19 10:27:11,578 middleware 请求路径: /login/
DEBUG 2026-06-19 10:27:11,578 middleware 请求方法: GET
DEBUG 2026-06-19 10:27:11,578 middleware 公共路径: /login/ - 跳过认证
DEBUG 2026-06-19 10:27:11,578 auth 收到登录请求
INFO 2026-06-19 10:27:11,581 basehttp "GET /login/ HTTP/1.1" 200 3698
INFO 2026-06-19 10:27:11,601 basehttp "GET /static/css/login.css HTTP/1.1" 200 100
INFO 2026-06-19 10:27:11,601 basehttp "GET /static/js/login.js HTTP/1.1" 200 3375
DEBUG 2026-06-19 10:27:11,625 middleware 请求路径: /api/available_servers/
DEBUG 2026-06-19 10:27:11,625 middleware 请求方法: GET
DEBUG 2026-06-19 10:27:11,626 middleware 检查认证: /api/available_servers/
WARNING 2026-06-19 10:27:11,626 middleware 未找到访问令牌: /api/available_servers/
WARNING 2026-06-19 10:27:11,626 log Unauthorized: /api/available_servers/
WARNING 2026-06-19 10:27:11,627 basehttp "GET /api/available_servers/ HTTP/1.1" 401 76
DEBUG 2026-06-19 10:27:27,615 middleware 请求路径: /login/
DEBUG 2026-06-19 10:27:27,615 middleware 请求方法: POST
DEBUG 2026-06-19 10:27:27,615 middleware 公共路径: /login/ - 跳过认证
DEBUG 2026-06-19 10:27:27,615 auth 收到登录请求
INFO 2026-06-19 10:27:29,661 auth 用户 王政君 登录成功
INFO 2026-06-19 10:27:30,211 basehttp "POST /login/ HTTP/1.1" 200 87
DEBUG 2026-06-19 10:27:30,220 middleware 请求路径: /index/
DEBUG 2026-06-19 10:27:30,221 middleware 请求方法: GET
DEBUG 2026-06-19 10:27:30,221 middleware 检查认证: /index/
DEBUG 2026-06-19 10:27:31,478 middleware 令牌验证成功: 用户 王政君
INFO 2026-06-19 10:27:31,478 pages 用户 王政君 访问首页
INFO 2026-06-19 10:27:31,527 pages 总共加载了 1 个主机
INFO 2026-06-19 10:27:31,533 basehttp "GET /index/ HTTP/1.1" 200 10028
DEBUG 2026-06-19 10:27:37,483 middleware 请求路径: /server_management/
DEBUG 2026-06-19 10:27:37,483 middleware 请求方法: GET
DEBUG 2026-06-19 10:27:37,483 middleware 检查认证: /server_management/
DEBUG 2026-06-19 10:27:38,252 middleware 令牌验证成功: 用户 王政君
INFO 2026-06-19 10:27:38,263 basehttp "GET /server_management/ HTTP/1.1" 200 7814
INFO 2026-06-19 10:27:38,284 basehttp "GET /static/css/server_management.css HTTP/1.1" 200 78
INFO 2026-06-19 10:27:38,286 basehttp "GET /static/js/server_management.js HTTP/1.1" 200 35960
DEBUG 2026-06-19 10:27:38,313 middleware 请求路径: /api/available_servers/
DEBUG 2026-06-19 10:27:38,313 middleware 请求方法: GET
DEBUG 2026-06-19 10:27:38,313 middleware 检查认证: /api/available_servers/
DEBUG 2026-06-19 10:27:38,314 middleware 请求路径: /server_management/
DEBUG 2026-06-19 10:27:38,314 middleware 请求方法: GET
DEBUG 2026-06-19 10:27:38,314 middleware 检查认证: /server_management/
DEBUG 2026-06-19 10:27:39,517 middleware 令牌验证成功: 用户 王政君
INFO 2026-06-19 10:27:39,615 basehttp "GET /api/available_servers/ HTTP/1.1" 200 201
DEBUG 2026-06-19 10:27:40,625 middleware 令牌验证成功: 用户 王政君
INFO 2026-06-19 10:27:40,803 basehttp "GET /server_management/?page=1&page_size=10 HTTP/1.1" 200 236
DEBUG 2026-06-19 10:27:52,839 middleware 请求路径: /api/delete_server/1/
DEBUG 2026-06-19 10:27:52,839 middleware 请求方法: POST
DEBUG 2026-06-19 10:27:52,839 middleware 检查认证: /api/delete_server/1/
DEBUG 2026-06-19 10:27:53,527 middleware 令牌验证成功: 用户 王政君
DEBUG 2026-06-19 10:27:54,254 middleware 请求路径: /api/delete_server/1/
DEBUG 2026-06-19 10:27:54,254 middleware 请求方法: POST
DEBUG 2026-06-19 10:27:54,254 middleware 检查认证: /api/delete_server/1/
INFO 2026-06-19 10:27:54,418 basehttp "POST /api/delete_server/1/ HTTP/1.1" 200 78
DEBUG 2026-06-19 10:27:55,495 middleware 令牌验证成功: 用户 王政君
WARNING 2026-06-19 10:27:55,543 log Not Found: /api/delete_server/1/
WARNING 2026-06-19 10:27:55,543 basehttp "POST /api/delete_server/1/ HTTP/1.1" 404 70
DEBUG 2026-06-19 10:27:55,733 middleware 请求路径: /server_management/
DEBUG 2026-06-19 10:27:55,734 middleware 请求方法: GET
DEBUG 2026-06-19 10:27:55,734 middleware 检查认证: /server_management/
DEBUG 2026-06-19 10:27:56,203 middleware 令牌验证成功: 用户 王政君
INFO 2026-06-19 10:27:56,323 basehttp "GET /server_management/?page=1&page_size=10 HTTP/1.1" 200 95
DEBUG 2026-06-19 10:28:22,781 middleware 请求路径: /index/
DEBUG 2026-06-19 10:28:22,781 middleware 请求方法: GET
DEBUG 2026-06-19 10:28:22,782 middleware 检查认证: /index/
DEBUG 2026-06-19 10:28:23,527 middleware 令牌验证成功: 用户 王政君
INFO 2026-06-19 10:28:23,527 pages 用户 王政君 访问首页
INFO 2026-06-19 10:28:23,586 pages 总共加载了 0 个主机
INFO 2026-06-19 10:28:23,587 basehttp "GET /index/ HTTP/1.1" 200 9704
DEBUG 2026-06-19 10:28:25,105 middleware 请求路径: /user_management/
DEBUG 2026-06-19 10:28:25,105 middleware 请求方法: GET
DEBUG 2026-06-19 10:28:25,105 middleware 检查认证: /user_management/
DEBUG 2026-06-19 10:28:25,779 middleware 令牌验证成功: 用户 王政君
INFO 2026-06-19 10:28:26,379 basehttp "GET /user_management/ HTTP/1.1" 200 8056
INFO 2026-06-19 10:28:26,393 basehttp "GET /static/css/user_management.css HTTP/1.1" 200 591
INFO 2026-06-19 10:28:26,398 basehttp "GET /static/js/qrcode.min.js HTTP/1.1" 200 23743
INFO 2026-06-19 10:28:26,398 basehttp "GET /static/js/user_management.js HTTP/1.1" 200 19689
DEBUG 2026-06-19 10:28:26,433 middleware 请求路径: /api/available_servers/
DEBUG 2026-06-19 10:28:26,433 middleware 请求方法: GET
DEBUG 2026-06-19 10:28:26,433 middleware 检查认证: /api/available_servers/
DEBUG 2026-06-19 10:28:26,909 middleware 令牌验证成功: 用户 王政君
INFO 2026-06-19 10:28:26,969 basehttp "GET /api/available_servers/ HTTP/1.1" 200 82
DEBUG 2026-06-19 10:28:28,757 middleware 请求路径: /system_token_management/
DEBUG 2026-06-19 10:28:28,757 middleware 请求方法: GET
DEBUG 2026-06-19 10:28:28,757 middleware 检查认证: /system_token_management/
DEBUG 2026-06-19 10:28:29,775 middleware 令牌验证成功: 用户 王政君
INFO 2026-06-19 10:28:29,908 basehttp "GET /system_token_management/ HTTP/1.1" 200 2803
DEBUG 2026-06-19 10:29:01,024 middleware 请求路径: /logout/
DEBUG 2026-06-19 10:29:01,024 middleware 请求方法: GET
DEBUG 2026-06-19 10:29:01,024 middleware 检查认证: /logout/
DEBUG 2026-06-19 10:29:01,454 middleware 令牌验证成功: 用户 王政君
INFO 2026-06-19 10:29:01,454 auth 用户登出
INFO 2026-06-19 10:29:01,811 basehttp "GET /logout/ HTTP/1.1" 302 0
DEBUG 2026-06-19 10:29:01,814 middleware 请求路径: /login/
DEBUG 2026-06-19 10:29:01,814 middleware 请求方法: GET
DEBUG 2026-06-19 10:29:01,814 middleware 公共路径: /login/ - 跳过认证
DEBUG 2026-06-19 10:29:01,814 auth 收到登录请求
INFO 2026-06-19 10:29:01,815 basehttp "GET /login/ HTTP/1.1" 200 3698
DEBUG 2026-06-19 10:29:01,859 middleware 请求路径: /api/available_servers/
DEBUG 2026-06-19 10:29:01,859 middleware 请求方法: GET
DEBUG 2026-06-19 10:29:01,859 middleware 检查认证: /api/available_servers/
WARNING 2026-06-19 10:29:01,859 middleware 未找到访问令牌: /api/available_servers/
WARNING 2026-06-19 10:29:01,859 log Unauthorized: /api/available_servers/
WARNING 2026-06-19 10:29:01,859 basehttp "GET /api/available_servers/ HTTP/1.1" 401 76
DEBUG 2026-06-19 10:30:13,996 middleware 请求路径: /login/
DEBUG 2026-06-19 10:30:13,996 middleware 请求方法: POST
DEBUG 2026-06-19 10:30:13,996 middleware 公共路径: /login/ - 跳过认证
DEBUG 2026-06-19 10:30:13,997 auth 收到登录请求
INFO 2026-06-19 10:30:16,148 auth 用户 王政君 登录成功
INFO 2026-06-19 10:30:16,386 basehttp "POST /login/ HTTP/1.1" 200 87
DEBUG 2026-06-19 10:30:16,395 middleware 请求路径: /index/
DEBUG 2026-06-19 10:30:16,395 middleware 请求方法: GET
DEBUG 2026-06-19 10:30:16,395 middleware 检查认证: /index/
DEBUG 2026-06-19 10:30:16,873 middleware 令牌验证成功: 用户 王政君
INFO 2026-06-19 10:30:16,873 pages 用户 王政君 访问首页
INFO 2026-06-19 10:30:16,932 pages 总共加载了 0 个主机
INFO 2026-06-19 10:30:16,933 basehttp "GET /index/ HTTP/1.1" 200 9704
DEBUG 2026-06-19 10:30:18,170 middleware 请求路径: /user_management/
DEBUG 2026-06-19 10:30:18,171 middleware 请求方法: GET
DEBUG 2026-06-19 10:30:18,171 middleware 检查认证: /user_management/
DEBUG 2026-06-19 10:30:18,554 middleware 令牌验证成功: 用户 王政君
INFO 2026-06-19 10:30:20,198 basehttp "GET /user_management/ HTTP/1.1" 200 8056
DEBUG 2026-06-19 10:30:20,248 middleware 请求路径: /api/available_servers/
DEBUG 2026-06-19 10:30:20,249 middleware 请求方法: GET
DEBUG 2026-06-19 10:30:20,249 middleware 检查认证: /api/available_servers/
DEBUG 2026-06-19 10:30:20,988 middleware 令牌验证成功: 用户 王政君
INFO 2026-06-19 10:30:21,311 basehttp "GET /api/available_servers/ HTTP/1.1" 200 82
DEBUG 2026-06-19 10:30:22,600 middleware 请求路径: /system_token_management/
DEBUG 2026-06-19 10:30:22,600 middleware 请求方法: GET
DEBUG 2026-06-19 10:30:22,600 middleware 检查认证: /system_token_management/
DEBUG 2026-06-19 10:30:23,621 middleware 令牌验证成功: 用户 王政君
INFO 2026-06-19 10:30:23,694 basehttp "GET /system_token_management/ HTTP/1.1" 200 2803
INFO 2026-06-19 10:31:59,032 apps TasksConfig.ready() 被调用
INFO 2026-06-19 10:31:59,033 apps 不是主进程，跳过后台任务启动
INFO 2026-06-19 10:31:59,281 apps TasksConfig.ready() 被调用
INFO 2026-06-19 10:31:59,281 apps RUN_BACKGROUND_TASKS 设置: True
INFO 2026-06-19 10:31:59,281 apps 正在启动后台任务...
INFO 2026-06-19 10:31:59,368 tasks 尝试启动后台任务线程
INFO 2026-06-19 10:31:59,370 tasks 后台任务线程已启动，线程名: PasswordCheckThread
INFO 2026-06-19 10:31:59,370 apps 后台任务启动函数已调用
INFO 2026-06-19 10:31:59,375 autoreload Watching for file changes with StatReloader
DEBUG 2026-06-19 10:32:12,889 middleware 请求路径: /user_management/
DEBUG 2026-06-19 10:32:12,889 middleware 请求方法: GET
DEBUG 2026-06-19 10:32:12,889 middleware 检查认证: /user_management/
DEBUG 2026-06-19 10:32:14,301 middleware 令牌验证成功: 用户 王政君
INFO 2026-06-19 10:32:14,990 basehttp "GET /user_management/ HTTP/1.1" 200 8063
INFO 2026-06-19 10:32:15,126 basehttp "GET /static/css/user_management.css HTTP/1.1" 200 591
INFO 2026-06-19 10:32:15,128 basehttp "GET /static/js/custom.js HTTP/1.1" 200 60367
INFO 2026-06-19 10:32:15,129 basehttp "GET /static/css/custom.css HTTP/1.1" 200 15646
INFO 2026-06-19 10:32:15,130 basehttp "GET /static/js/qrcode.min.js HTTP/1.1" 200 23743
INFO 2026-06-19 10:32:15,131 basehttp "GET /static/js/user_management.js?v=2 HTTP/1.1" 200 19689
INFO 2026-06-19 10:32:15,134 basehttp "GET /static/css/bootstrap.min.css HTTP/1.1" 200 232018
INFO 2026-06-19 10:32:15,136 basehttp "GET /static/js/bootstrap.bundle.min.js HTTP/1.1" 200 80821
INFO 2026-06-19 10:32:15,137 basehttp "GET /static/css/all.min.css HTTP/1.1" 200 73890
INFO 2026-06-19 10:32:15,139 basehttp "GET /static/js/jquery-3.7.1.min.js HTTP/1.1" 200 105295
INFO 2026-06-19 10:32:15,143 basehttp "GET /static/webfonts/fa-solid-900.woff2 HTTP/1.1" 200 158220
DEBUG 2026-06-19 10:32:15,152 middleware 请求路径: /api/available_servers/
DEBUG 2026-06-19 10:32:15,153 middleware 请求方法: GET
DEBUG 2026-06-19 10:32:15,153 middleware 检查认证: /api/available_servers/
DEBUG 2026-06-19 10:32:15,990 middleware 令牌验证成功: 用户 王政君
INFO 2026-06-19 10:32:16,055 basehttp "GET /api/available_servers/ HTTP/1.1" 200 82
DEBUG 2026-06-19 10:32:17,036 middleware 请求路径: /system_token_management/
DEBUG 2026-06-19 10:32:17,037 middleware 请求方法: GET
DEBUG 2026-06-19 10:32:17,037 middleware 检查认证: /system_token_management/
DEBUG 2026-06-19 10:32:17,774 middleware 令牌验证成功: 用户 王政君
INFO 2026-06-19 10:32:17,853 basehttp "GET /system_token_management/ HTTP/1.1" 200 2803
DEBUG 2026-06-19 10:32:26,306 middleware 请求路径: /
DEBUG 2026-06-19 10:32:26,306 middleware 请求方法: GET
DEBUG 2026-06-19 10:32:26,306 middleware 检查认证: /
WARNING 2026-06-19 10:32:26,306 middleware 未找到访问令牌: /
INFO 2026-06-19 10:32:26,307 basehttp "GET / HTTP/1.1" 302 0
DEBUG 2026-06-19 10:32:26,310 middleware 请求路径: /login/
DEBUG 2026-06-19 10:32:26,310 middleware 请求方法: GET
DEBUG 2026-06-19 10:32:26,310 middleware 公共路径: /login/ - 跳过认证
DEBUG 2026-06-19 10:32:26,310 auth 收到登录请求
INFO 2026-06-19 10:32:26,312 basehttp "GET /login/ HTTP/1.1" 200 3698
INFO 2026-06-19 10:32:26,337 basehttp "GET /static/css/login.css HTTP/1.1" 200 100
INFO 2026-06-19 10:32:26,337 basehttp "GET /static/css/custom.css HTTP/1.1" 200 15646
INFO 2026-06-19 10:32:26,338 basehttp "GET /static/css/all.min.css HTTP/1.1" 200 73890
INFO 2026-06-19 10:32:26,340 basehttp "GET /static/js/jquery-3.7.1.min.js HTTP/1.1" 200 105295
INFO 2026-06-19 10:32:26,340 basehttp "GET /static/css/bootstrap.min.css HTTP/1.1" 200 232018
INFO 2026-06-19 10:32:26,341 basehttp "GET /static/js/bootstrap.bundle.min.js HTTP/1.1" 200 80821
INFO 2026-06-19 10:32:26,342 basehttp "GET /static/js/login.js HTTP/1.1" 200 3375
INFO 2026-06-19 10:32:26,343 basehttp "GET /static/js/custom.js HTTP/1.1" 200 60367
INFO 2026-06-19 10:32:26,401 basehttp "GET /static/webfonts/fa-solid-900.woff2 HTTP/1.1" 200 158220
DEBUG 2026-06-19 10:32:26,450 middleware 请求路径: /api/available_servers/
DEBUG 2026-06-19 10:32:26,450 middleware 请求方法: GET
DEBUG 2026-06-19 10:32:26,450 middleware 检查认证: /api/available_servers/
WARNING 2026-06-19 10:32:26,451 middleware 未找到访问令牌: /api/available_servers/
WARNING 2026-06-19 10:32:26,451 log Unauthorized: /api/available_servers/
WARNING 2026-06-19 10:32:26,452 basehttp "GET /api/available_servers/ HTTP/1.1" 401 76
DEBUG 2026-06-19 10:32:33,285 middleware 请求路径: /login/
DEBUG 2026-06-19 10:32:33,286 middleware 请求方法: POST
DEBUG 2026-06-19 10:32:33,286 middleware 公共路径: /login/ - 跳过认证
DEBUG 2026-06-19 10:32:33,286 auth 收到登录请求
INFO 2026-06-19 10:32:35,481 auth 用户 王政君 登录成功
INFO 2026-06-19 10:32:35,986 basehttp "POST /login/ HTTP/1.1" 200 87
DEBUG 2026-06-19 10:32:35,992 middleware 请求路径: /index/
DEBUG 2026-06-19 10:32:35,992 middleware 请求方法: GET
DEBUG 2026-06-19 10:32:35,992 middleware 检查认证: /index/
DEBUG 2026-06-19 10:32:37,041 middleware 令牌验证成功: 用户 王政君
INFO 2026-06-19 10:32:37,041 pages 用户 王政君 访问首页
INFO 2026-06-19 10:32:37,379 pages 总共加载了 0 个主机
INFO 2026-06-19 10:32:37,382 basehttp "GET /index/ HTTP/1.1" 200 9704
DEBUG 2026-06-19 10:32:40,179 middleware 请求路径: /user_management/
DEBUG 2026-06-19 10:32:40,179 middleware 请求方法: GET
DEBUG 2026-06-19 10:32:40,179 middleware 检查认证: /user_management/
DEBUG 2026-06-19 10:32:41,466 middleware 令牌验证成功: 用户 王政君
DEBUG 2026-06-19 10:32:41,510 middleware 请求路径: /user_management/
DEBUG 2026-06-19 10:32:41,511 middleware 请求方法: GET
DEBUG 2026-06-19 10:32:41,511 middleware 检查认证: /user_management/
INFO 2026-06-19 10:32:42,151 basehttp - Broken pipe from ('127.0.0.1', 1874)
DEBUG 2026-06-19 10:32:42,862 middleware 令牌验证成功: 用户 王政君
INFO 2026-06-19 10:32:43,282 basehttp "GET /user_management/ HTTP/1.1" 200 8063
INFO 2026-06-19 10:32:43,302 basehttp "GET /static/css/user_management.css HTTP/1.1" 200 591
INFO 2026-06-19 10:32:43,303 basehttp "GET /static/js/user_management.js?v=2 HTTP/1.1" 200 19689
INFO 2026-06-19 10:32:43,303 basehttp "GET /static/js/qrcode.min.js HTTP/1.1" 200 23743
DEBUG 2026-06-19 10:32:43,333 middleware 请求路径: /api/available_servers/
DEBUG 2026-06-19 10:32:43,333 middleware 请求方法: GET
DEBUG 2026-06-19 10:32:43,333 middleware 检查认证: /api/available_servers/
DEBUG 2026-06-19 10:32:44,310 middleware 令牌验证成功: 用户 王政君
INFO 2026-06-19 10:32:44,373 basehttp "GET /api/available_servers/ HTTP/1.1" 200 82
DEBUG 2026-06-19 10:32:44,525 middleware 请求路径: /system_token_management/
DEBUG 2026-06-19 10:32:44,525 middleware 请求方法: GET
DEBUG 2026-06-19 10:32:44,525 middleware 检查认证: /system_token_management/
DEBUG 2026-06-19 10:32:45,532 middleware 令牌验证成功: 用户 王政君
INFO 2026-06-19 10:32:45,603 basehttp "GET /system_token_management/ HTTP/1.1" 200 2803
DEBUG 2026-06-19 10:32:57,800 middleware 请求路径: /system_token_management/
DEBUG 2026-06-19 10:32:57,800 middleware 请求方法: GET
DEBUG 2026-06-19 10:32:57,800 middleware 检查认证: /system_token_management/
DEBUG 2026-06-19 10:32:58,552 middleware 令牌验证成功: 用户 王政君
INFO 2026-06-19 10:32:58,623 basehttp "GET /system_token_management/ HTTP/1.1" 200 2803
INFO 2026-06-19 10:35:02,166 apps TasksConfig.ready() 被调用
INFO 2026-06-19 10:35:02,166 apps 不是主进程，跳过后台任务启动
INFO 2026-06-19 10:35:02,419 apps TasksConfig.ready() 被调用
INFO 2026-06-19 10:35:02,420 apps RUN_BACKGROUND_TASKS 设置: True
INFO 2026-06-19 10:35:02,420 apps 正在启动后台任务...
INFO 2026-06-19 10:35:02,505 tasks 尝试启动后台任务线程
INFO 2026-06-19 10:35:02,507 tasks 后台任务线程已启动，线程名: PasswordCheckThread
INFO 2026-06-19 10:35:02,507 apps 后台任务启动函数已调用
INFO 2026-06-19 10:35:02,511 autoreload Watching for file changes with StatReloader
DEBUG 2026-06-19 10:35:21,315 middleware 请求路径: /
DEBUG 2026-06-19 10:35:21,315 middleware 请求方法: GET
DEBUG 2026-06-19 10:35:21,315 middleware 检查认证: /
WARNING 2026-06-19 10:35:21,316 middleware 未找到访问令牌: /
INFO 2026-06-19 10:35:21,318 basehttp "GET / HTTP/1.1" 302 0
DEBUG 2026-06-19 10:35:21,320 middleware 请求路径: /login/
DEBUG 2026-06-19 10:35:21,320 middleware 请求方法: GET
DEBUG 2026-06-19 10:35:21,321 middleware 公共路径: /login/ - 跳过认证
DEBUG 2026-06-19 10:35:21,321 auth 收到登录请求
INFO 2026-06-19 10:35:21,325 basehttp "GET /login/ HTTP/1.1" 200 3698
INFO 2026-06-19 10:35:21,441 basehttp "GET /static/css/bootstrap.min.css HTTP/1.1" 200 232018
INFO 2026-06-19 10:35:21,443 basehttp "GET /static/js/custom.js HTTP/1.1" 200 60367
INFO 2026-06-19 10:35:21,444 basehttp "GET /static/js/login.js HTTP/1.1" 200 3375
INFO 2026-06-19 10:35:21,458 basehttp "GET /static/css/all.min.css HTTP/1.1" 200 73890
INFO 2026-06-19 10:35:21,485 basehttp "GET /static/css/custom.css HTTP/1.1" 200 15646
INFO 2026-06-19 10:35:21,490 basehttp "GET /static/js/jquery-3.7.1.min.js HTTP/1.1" 200 105295
INFO 2026-06-19 10:35:21,490 basehttp "GET /static/js/bootstrap.bundle.min.js HTTP/1.1" 200 80821
INFO 2026-06-19 10:35:21,491 basehttp "GET /static/css/login.css HTTP/1.1" 200 100
INFO 2026-06-19 10:35:21,522 basehttp "GET /static/webfonts/fa-solid-900.woff2 HTTP/1.1" 200 158220
DEBUG 2026-06-19 10:35:21,527 middleware 请求路径: /api/available_servers/
DEBUG 2026-06-19 10:35:21,527 middleware 请求方法: GET
DEBUG 2026-06-19 10:35:21,527 middleware 检查认证: /api/available_servers/
WARNING 2026-06-19 10:35:21,527 middleware 未找到访问令牌: /api/available_servers/
WARNING 2026-06-19 10:35:21,528 log Unauthorized: /api/available_servers/
WARNING 2026-06-19 10:35:21,529 basehttp "GET /api/available_servers/ HTTP/1.1" 401 76
DEBUG 2026-06-19 10:35:26,411 middleware 请求路径: /login/
DEBUG 2026-06-19 10:35:26,411 middleware 请求方法: POST
DEBUG 2026-06-19 10:35:26,411 middleware 公共路径: /login/ - 跳过认证
DEBUG 2026-06-19 10:35:26,412 auth 收到登录请求
INFO 2026-06-19 10:35:29,161 auth 用户 王政君 登录成功
INFO 2026-06-19 10:35:29,670 basehttp "POST /login/ HTTP/1.1" 200 87
DEBUG 2026-06-19 10:35:29,678 middleware 请求路径: /index/
DEBUG 2026-06-19 10:35:29,679 middleware 请求方法: GET
DEBUG 2026-06-19 10:35:29,679 middleware 检查认证: /index/
DEBUG 2026-06-19 10:35:30,922 middleware 令牌验证成功: 用户 王政君
INFO 2026-06-19 10:35:30,923 pages 用户 王政君 访问首页
INFO 2026-06-19 10:35:30,970 pages 总共加载了 0 个主机
INFO 2026-06-19 10:35:30,973 basehttp "GET /index/ HTTP/1.1" 200 9704
DEBUG 2026-06-19 10:35:33,574 middleware 请求路径: /user_management/
DEBUG 2026-06-19 10:35:33,574 middleware 请求方法: GET
DEBUG 2026-06-19 10:35:33,574 middleware 检查认证: /user_management/
DEBUG 2026-06-19 10:35:34,579 middleware 令牌验证成功: 用户 王政君
INFO 2026-06-19 10:35:34,995 basehttp "GET /user_management/ HTTP/1.1" 200 8063
INFO 2026-06-19 10:35:35,014 basehttp "GET /static/css/user_management.css HTTP/1.1" 200 591
INFO 2026-06-19 10:35:35,015 basehttp "GET /static/js/qrcode.min.js HTTP/1.1" 200 23743
INFO 2026-06-19 10:35:35,015 basehttp "GET /static/js/user_management.js?v=3 HTTP/1.1" 200 19932
DEBUG 2026-06-19 10:35:35,043 middleware 请求路径: /api/available_servers/
DEBUG 2026-06-19 10:35:35,044 middleware 请求方法: GET
DEBUG 2026-06-19 10:35:35,044 middleware 检查认证: /api/available_servers/
DEBUG 2026-06-19 10:35:35,970 middleware 请求路径: /system_token_management/
DEBUG 2026-06-19 10:35:35,970 middleware 请求方法: GET
DEBUG 2026-06-19 10:35:35,970 middleware 检查认证: /system_token_management/
DEBUG 2026-06-19 10:35:36,398 middleware 令牌验证成功: 用户 王政君
INFO 2026-06-19 10:35:36,457 basehttp "GET /api/available_servers/ HTTP/1.1" 200 82
DEBUG 2026-06-19 10:35:36,906 middleware 令牌验证成功: 用户 王政君
INFO 2026-06-19 10:35:36,972 basehttp "GET /system_token_management/ HTTP/1.1" 200 2803
DEBUG 2026-06-19 10:35:45,373 middleware 请求路径: /logout/
DEBUG 2026-06-19 10:35:45,374 middleware 请求方法: GET
DEBUG 2026-06-19 10:35:45,374 middleware 检查认证: /logout/
DEBUG 2026-06-19 10:35:47,228 middleware 令牌验证成功: 用户 王政君
INFO 2026-06-19 10:35:47,228 auth 用户登出
INFO 2026-06-19 10:35:47,355 basehttp "GET /logout/ HTTP/1.1" 302 0
DEBUG 2026-06-19 10:35:47,357 middleware 请求路径: /login/
DEBUG 2026-06-19 10:35:47,358 middleware 请求方法: GET
DEBUG 2026-06-19 10:35:47,358 middleware 公共路径: /login/ - 跳过认证
DEBUG 2026-06-19 10:35:47,358 auth 收到登录请求
INFO 2026-06-19 10:35:47,358 basehttp "GET /login/ HTTP/1.1" 200 3698
DEBUG 2026-06-19 10:35:47,392 middleware 请求路径: /api/available_servers/
DEBUG 2026-06-19 10:35:47,392 middleware 请求方法: GET
DEBUG 2026-06-19 10:35:47,392 middleware 检查认证: /api/available_servers/
WARNING 2026-06-19 10:35:47,392 middleware 未找到访问令牌: /api/available_servers/
WARNING 2026-06-19 10:35:47,392 log Unauthorized: /api/available_servers/
WARNING 2026-06-19 10:35:47,393 basehttp "GET /api/available_servers/ HTTP/1.1" 401 76
DEBUG 2026-06-19 10:35:52,337 middleware 请求路径: /login/
DEBUG 2026-06-19 10:35:52,337 middleware 请求方法: POST
DEBUG 2026-06-19 10:35:52,337 middleware 公共路径: /login/ - 跳过认证
DEBUG 2026-06-19 10:35:52,338 auth 收到登录请求
INFO 2026-06-19 10:35:53,674 auth 用户 王政君 登录成功
INFO 2026-06-19 10:35:53,918 basehttp "POST /login/ HTTP/1.1" 200 87
DEBUG 2026-06-19 10:35:53,926 middleware 请求路径: /index/
DEBUG 2026-06-19 10:35:53,926 middleware 请求方法: GET
DEBUG 2026-06-19 10:35:53,926 middleware 检查认证: /index/
DEBUG 2026-06-19 10:35:54,818 middleware 令牌验证成功: 用户 王政君
INFO 2026-06-19 10:35:54,818 pages 用户 王政君 访问首页
INFO 2026-06-19 10:35:54,866 pages 总共加载了 0 个主机
INFO 2026-06-19 10:35:54,867 basehttp "GET /index/ HTTP/1.1" 200 9704
DEBUG 2026-06-19 10:35:57,273 middleware 请求路径: /server_management/
DEBUG 2026-06-19 10:35:57,273 middleware 请求方法: GET
DEBUG 2026-06-19 10:35:57,273 middleware 检查认证: /server_management/
DEBUG 2026-06-19 10:35:58,148 middleware 令牌验证成功: 用户 王政君
INFO 2026-06-19 10:35:58,149 basehttp "GET /server_management/ HTTP/1.1" 200 7814
INFO 2026-06-19 10:35:58,168 basehttp "GET /static/css/server_management.css HTTP/1.1" 200 78
INFO 2026-06-19 10:35:58,169 basehttp "GET /static/js/server_management.js HTTP/1.1" 200 35960
DEBUG 2026-06-19 10:35:58,193 middleware 请求路径: /api/available_servers/
DEBUG 2026-06-19 10:35:58,193 middleware 请求方法: GET
DEBUG 2026-06-19 10:35:58,193 middleware 检查认证: /api/available_servers/
DEBUG 2026-06-19 10:35:58,195 middleware 请求路径: /server_management/
DEBUG 2026-06-19 10:35:58,195 middleware 请求方法: GET
DEBUG 2026-06-19 10:35:58,195 middleware 检查认证: /server_management/
DEBUG 2026-06-19 10:35:58,578 middleware 令牌验证成功: 用户 王政君
INFO 2026-06-19 10:35:58,674 basehttp "GET /server_management/?page=1&page_size=10 HTTP/1.1" 200 95
DEBUG 2026-06-19 10:35:58,990 middleware 令牌验证成功: 用户 王政君
INFO 2026-06-19 10:35:59,048 basehttp "GET /api/available_servers/ HTTP/1.1" 200 82
DEBUG 2026-06-19 10:38:28,779 middleware 请求路径: /api/add_server/
DEBUG 2026-06-19 10:38:28,779 middleware 请求方法: POST
DEBUG 2026-06-19 10:38:28,779 middleware 检查认证: /api/add_server/
DEBUG 2026-06-19 10:38:30,101 middleware 令牌验证成功: 用户 王政君
DEBUG 2026-06-19 10:38:30,173 transport starting thread (client mode): 0x97af9160
DEBUG 2026-06-19 10:38:30,173 transport Local version/idstring: SSH-2.0-paramiko_4.0.0
DEBUG 2026-06-19 10:38:30,279 transport Remote version/idstring: SSH-2.0-OpenSSH_7.4
INFO 2026-06-19 10:38:30,279 transport Connected (version 2.0, client OpenSSH_7.4)
DEBUG 2026-06-19 10:38:30,279 transport === Key exchange possibilities ===
DEBUG 2026-06-19 10:38:30,279 transport kex algos: curve25519-sha256, curve25519-sha256@libssh.org, ecdh-sha2-nistp256, ecdh-sha2-nistp384, ecdh-sha2-nistp521, diffie-hellman-group-exchange-sha256, diffie-hellman-group16-sha512, diffie-hellman-group18-sha512, diffie-hellman-group-exchange-sha1, diffie-hellman-group14-sha256, diffie-hellman-group14-sha1, diffie-hellman-group1-sha1
DEBUG 2026-06-19 10:38:30,280 transport server key: ssh-rsa, rsa-sha2-512, rsa-sha2-256, ecdsa-sha2-nistp256, ssh-ed25519
DEBUG 2026-06-19 10:38:30,280 transport client encrypt: chacha20-poly1305@openssh.com, aes128-ctr, aes192-ctr, aes256-ctr, aes128-gcm@openssh.com, aes256-gcm@openssh.com, aes128-cbc, aes192-cbc, aes256-cbc, blowfish-cbc, cast128-cbc, 3des-cbc
DEBUG 2026-06-19 10:38:30,280 transport server encrypt: chacha20-poly1305@openssh.com, aes128-ctr, aes192-ctr, aes256-ctr, aes128-gcm@openssh.com, aes256-gcm@openssh.com, aes128-cbc, aes192-cbc, aes256-cbc, blowfish-cbc, cast128-cbc, 3des-cbc
DEBUG 2026-06-19 10:38:30,280 transport client mac: umac-64-etm@openssh.com, umac-128-etm@openssh.com, hmac-sha2-256-etm@openssh.com, hmac-sha2-512-etm@openssh.com, hmac-sha1-etm@openssh.com, umac-64@openssh.com, umac-128@openssh.com, hmac-sha2-256, hmac-sha2-512, hmac-sha1
DEBUG 2026-06-19 10:38:30,280 transport server mac: umac-64-etm@openssh.com, umac-128-etm@openssh.com, hmac-sha2-256-etm@openssh.com, hmac-sha2-512-etm@openssh.com, hmac-sha1-etm@openssh.com, umac-64@openssh.com, umac-128@openssh.com, hmac-sha2-256, hmac-sha2-512, hmac-sha1
DEBUG 2026-06-19 10:38:30,280 transport client compress: none, zlib@openssh.com
DEBUG 2026-06-19 10:38:30,280 transport server compress: none, zlib@openssh.com
DEBUG 2026-06-19 10:38:30,280 transport client lang: <none>
DEBUG 2026-06-19 10:38:30,280 transport server lang: <none>
DEBUG 2026-06-19 10:38:30,280 transport kex follows: False
DEBUG 2026-06-19 10:38:30,280 transport === Key exchange agreements ===
DEBUG 2026-06-19 10:38:30,280 transport Kex: curve25519-sha256@libssh.org
DEBUG 2026-06-19 10:38:30,281 transport HostKey: ssh-ed25519
DEBUG 2026-06-19 10:38:30,281 transport Cipher: aes128-ctr
DEBUG 2026-06-19 10:38:30,281 transport MAC: hmac-sha2-256
DEBUG 2026-06-19 10:38:30,281 transport Compression: none
DEBUG 2026-06-19 10:38:30,281 transport === End of kex handshake ===
DEBUG 2026-06-19 10:38:30,336 transport kex engine KexCurve25519 specified hash_algo <built-in function openssl_sha256>
DEBUG 2026-06-19 10:38:30,336 transport Switch to new keys ...
DEBUG 2026-06-19 10:38:30,336 transport Adding ssh-ed25519 host key for 10.199.0.52: b'e6e0f1ef6dcfa2d4cdb60dae4baf0fd8'
DEBUG 2026-06-19 10:38:30,336 transport Got EXT_INFO: {'server-sig-algs': b'rsa-sha2-256,rsa-sha2-512'}
DEBUG 2026-06-19 10:38:30,398 transport userauth is OK
INFO 2026-06-19 10:38:30,483 transport Authentication (password) successful!
DEBUG 2026-06-19 10:38:30,483 channel [chan 0] Max packet in: 32768 bytes
DEBUG 2026-06-19 10:38:30,491 transport Received global request "hostkeys-00@openssh.com"
DEBUG 2026-06-19 10:38:30,491 transport Rejecting "hostkeys-00@openssh.com" global request from server.
DEBUG 2026-06-19 10:38:30,530 channel [chan 0] Max packet out: 32768 bytes
DEBUG 2026-06-19 10:38:30,530 transport Secsh channel 0 opened.
DEBUG 2026-06-19 10:38:30,637 channel [chan 0] Sesch channel 0 request ok
DEBUG 2026-06-19 10:38:30,637 channel [chan 0] EOF received (0)
DEBUG 2026-06-19 10:38:30,638 transport EOF in transport thread
DEBUG 2026-06-19 10:38:30,638 channel [chan 0] EOF sent (0)
DEBUG 2026-06-19 10:38:30,638 transport Dropping user packet because connection is dead.
INFO 2026-06-19 10:38:30,978 server 管理员 王政君 添加了服务器 10.199.0.52:22
INFO 2026-06-19 10:38:30,979 basehttp "POST /api/add_server/ HTTP/1.1" 200 94
DEBUG 2026-06-19 10:38:32,405 middleware 请求路径: /server_management/
DEBUG 2026-06-19 10:38:32,405 middleware 请求方法: GET
DEBUG 2026-06-19 10:38:32,405 middleware 检查认证: /server_management/
DEBUG 2026-06-19 10:38:33,436 middleware 令牌验证成功: 用户 王政君
INFO 2026-06-19 10:38:33,617 basehttp "GET /server_management/?page=1&page_size=10 HTTP/1.1" 200 213
DEBUG 2026-06-19 10:41:17,041 middleware 请求路径: /index/
DEBUG 2026-06-19 10:41:17,041 middleware 请求方法: GET
DEBUG 2026-06-19 10:41:17,042 middleware 检查认证: /index/
DEBUG 2026-06-19 10:41:17,555 middleware 令牌验证成功: 用户 王政君
INFO 2026-06-19 10:41:17,555 pages 用户 王政君 访问首页
INFO 2026-06-19 10:41:17,602 pages 总共加载了 1 个主机
INFO 2026-06-19 10:41:17,603 basehttp "GET /index/ HTTP/1.1" 200 10000
DEBUG 2026-06-19 10:49:15,507 middleware 请求路径: /server_management/
DEBUG 2026-06-19 10:49:15,507 middleware 请求方法: GET
DEBUG 2026-06-19 10:49:15,507 middleware 检查认证: /server_management/
DEBUG 2026-06-19 10:49:16,231 middleware 令牌验证成功: 用户 王政君
INFO 2026-06-19 10:49:16,232 basehttp "GET /server_management/ HTTP/1.1" 200 7814
DEBUG 2026-06-19 10:49:16,304 middleware 请求路径: /api/available_servers/
DEBUG 2026-06-19 10:49:16,305 middleware 请求方法: GET
DEBUG 2026-06-19 10:49:16,305 middleware 检查认证: /api/available_servers/
DEBUG 2026-06-19 10:49:16,307 middleware 请求路径: /server_management/
DEBUG 2026-06-19 10:49:16,307 middleware 请求方法: GET
DEBUG 2026-06-19 10:49:16,307 middleware 检查认证: /server_management/
DEBUG 2026-06-19 10:49:16,636 middleware 令牌验证成功: 用户 王政君
INFO 2026-06-19 10:49:16,734 basehttp "GET /api/available_servers/ HTTP/1.1" 200 178
DEBUG 2026-06-19 10:49:17,039 middleware 令牌验证成功: 用户 王政君
INFO 2026-06-19 10:49:17,184 basehttp "GET /server_management/?page=1&page_size=10 HTTP/1.1" 200 213
DEBUG 2026-06-19 10:49:35,181 middleware 请求路径: /api/add_server/
DEBUG 2026-06-19 10:49:35,181 middleware 请求方法: POST
DEBUG 2026-06-19 10:49:35,181 middleware 检查认证: /api/add_server/
DEBUG 2026-06-19 10:49:36,015 middleware 令牌验证成功: 用户 王政君
DEBUG 2026-06-19 10:49:36,072 transport starting thread (client mode): 0x977df4d0
DEBUG 2026-06-19 10:49:36,072 transport Local version/idstring: SSH-2.0-paramiko_4.0.0
DEBUG 2026-06-19 10:49:36,125 transport Remote version/idstring: SSH-2.0-OpenSSH_7.4
INFO 2026-06-19 10:49:36,125 transport Connected (version 2.0, client OpenSSH_7.4)
DEBUG 2026-06-19 10:49:36,126 transport === Key exchange possibilities ===
DEBUG 2026-06-19 10:49:36,126 transport kex algos: curve25519-sha256, curve25519-sha256@libssh.org, ecdh-sha2-nistp256, ecdh-sha2-nistp384, ecdh-sha2-nistp521, diffie-hellman-group-exchange-sha256, diffie-hellman-group16-sha512, diffie-hellman-group18-sha512, diffie-hellman-group-exchange-sha1, diffie-hellman-group14-sha256, diffie-hellman-group14-sha1, diffie-hellman-group1-sha1
DEBUG 2026-06-19 10:49:36,126 transport server key: ssh-rsa, rsa-sha2-512, rsa-sha2-256, ecdsa-sha2-nistp256, ssh-ed25519
DEBUG 2026-06-19 10:49:36,126 transport client encrypt: chacha20-poly1305@openssh.com, aes128-ctr, aes192-ctr, aes256-ctr, aes128-gcm@openssh.com, aes256-gcm@openssh.com, aes128-cbc, aes192-cbc, aes256-cbc, blowfish-cbc, cast128-cbc, 3des-cbc
DEBUG 2026-06-19 10:49:36,126 transport server encrypt: chacha20-poly1305@openssh.com, aes128-ctr, aes192-ctr, aes256-ctr, aes128-gcm@openssh.com, aes256-gcm@openssh.com, aes128-cbc, aes192-cbc, aes256-cbc, blowfish-cbc, cast128-cbc, 3des-cbc
DEBUG 2026-06-19 10:49:36,126 transport client mac: umac-64-etm@openssh.com, umac-128-etm@openssh.com, hmac-sha2-256-etm@openssh.com, hmac-sha2-512-etm@openssh.com, hmac-sha1-etm@openssh.com, umac-64@openssh.com, umac-128@openssh.com, hmac-sha2-256, hmac-sha2-512, hmac-sha1
DEBUG 2026-06-19 10:49:36,127 transport server mac: umac-64-etm@openssh.com, umac-128-etm@openssh.com, hmac-sha2-256-etm@openssh.com, hmac-sha2-512-etm@openssh.com, hmac-sha1-etm@openssh.com, umac-64@openssh.com, umac-128@openssh.com, hmac-sha2-256, hmac-sha2-512, hmac-sha1
DEBUG 2026-06-19 10:49:36,127 transport client compress: none, zlib@openssh.com
DEBUG 2026-06-19 10:49:36,127 transport server compress: none, zlib@openssh.com
DEBUG 2026-06-19 10:49:36,127 transport client lang: <none>
DEBUG 2026-06-19 10:49:36,127 transport server lang: <none>
DEBUG 2026-06-19 10:49:36,127 transport kex follows: False
DEBUG 2026-06-19 10:49:36,127 transport === Key exchange agreements ===
DEBUG 2026-06-19 10:49:36,127 transport Kex: curve25519-sha256@libssh.org
DEBUG 2026-06-19 10:49:36,127 transport HostKey: ssh-ed25519
DEBUG 2026-06-19 10:49:36,127 transport Cipher: aes128-ctr
DEBUG 2026-06-19 10:49:36,127 transport MAC: hmac-sha2-256
DEBUG 2026-06-19 10:49:36,127 transport Compression: none
DEBUG 2026-06-19 10:49:36,127 transport === End of kex handshake ===
DEBUG 2026-06-19 10:49:36,438 transport kex engine KexCurve25519 specified hash_algo <built-in function openssl_sha256>
DEBUG 2026-06-19 10:49:36,438 transport Switch to new keys ...
DEBUG 2026-06-19 10:49:36,438 transport Adding ssh-ed25519 host key for 10.199.0.52: b'e6e0f1ef6dcfa2d4cdb60dae4baf0fd8'
DEBUG 2026-06-19 10:49:36,438 transport Got EXT_INFO: {'server-sig-algs': b'rsa-sha2-256,rsa-sha2-512'}
DEBUG 2026-06-19 10:49:36,746 transport userauth is OK
INFO 2026-06-19 10:49:36,842 transport Authentication (password) successful!
DEBUG 2026-06-19 10:49:36,842 channel [chan 0] Max packet in: 32768 bytes
DEBUG 2026-06-19 10:49:36,856 transport Received global request "hostkeys-00@openssh.com"
DEBUG 2026-06-19 10:49:36,857 transport Rejecting "hostkeys-00@openssh.com" global request from server.
DEBUG 2026-06-19 10:49:37,207 channel [chan 0] Max packet out: 32768 bytes
DEBUG 2026-06-19 10:49:37,207 transport Secsh channel 0 opened.
DEBUG 2026-06-19 10:49:37,257 channel [chan 0] Sesch channel 0 request ok
DEBUG 2026-06-19 10:49:37,276 channel [chan 0] EOF received (0)
DEBUG 2026-06-19 10:49:37,277 transport EOF in transport thread
DEBUG 2026-06-19 10:49:37,277 channel [chan 0] EOF sent (0)
DEBUG 2026-06-19 10:49:37,277 transport Dropping user packet because connection is dead.
INFO 2026-06-19 10:49:37,847 server 管理员 王政君 添加了服务器 10.199.0.52:22
INFO 2026-06-19 10:49:37,848 basehttp "POST /api/add_server/ HTTP/1.1" 200 94
DEBUG 2026-06-19 10:49:38,921 middleware 请求路径: /server_management/
DEBUG 2026-06-19 10:49:38,921 middleware 请求方法: GET
DEBUG 2026-06-19 10:49:38,921 middleware 检查认证: /server_management/
DEBUG 2026-06-19 10:49:39,317 middleware 令牌验证成功: 用户 王政君
INFO 2026-06-19 10:49:39,462 basehttp "GET /server_management/?page=1&page_size=10 HTTP/1.1" 200 319
DEBUG 2026-06-19 10:49:43,091 middleware 请求路径: /logout/
DEBUG 2026-06-19 10:49:43,091 middleware 请求方法: GET
DEBUG 2026-06-19 10:49:43,091 middleware 检查认证: /logout/
DEBUG 2026-06-19 10:49:43,523 middleware 令牌验证成功: 用户 王政君
INFO 2026-06-19 10:49:43,523 auth 用户登出
INFO 2026-06-19 10:49:43,877 basehttp "GET /logout/ HTTP/1.1" 302 0
DEBUG 2026-06-19 10:49:43,880 middleware 请求路径: /login/
DEBUG 2026-06-19 10:49:43,880 middleware 请求方法: GET
DEBUG 2026-06-19 10:49:43,880 middleware 公共路径: /login/ - 跳过认证
DEBUG 2026-06-19 10:49:43,881 auth 收到登录请求
INFO 2026-06-19 10:49:43,881 basehttp "GET /login/ HTTP/1.1" 200 3698
DEBUG 2026-06-19 10:49:43,923 middleware 请求路径: /api/available_servers/
DEBUG 2026-06-19 10:49:43,923 middleware 请求方法: GET
DEBUG 2026-06-19 10:49:43,924 middleware 检查认证: /api/available_servers/
WARNING 2026-06-19 10:49:43,924 middleware 未找到访问令牌: /api/available_servers/
WARNING 2026-06-19 10:49:43,924 log Unauthorized: /api/available_servers/
WARNING 2026-06-19 10:49:43,924 basehttp "GET /api/available_servers/ HTTP/1.1" 401 76
DEBUG 2026-06-19 10:49:44,727 middleware 请求路径: /register/
DEBUG 2026-06-19 10:49:44,727 middleware 请求方法: GET
DEBUG 2026-06-19 10:49:44,728 middleware 公共路径: /register/ - 跳过认证
DEBUG 2026-06-19 10:49:44,728 auth 收到注册请求，方法: GET
INFO 2026-06-19 10:49:44,729 basehttp "GET /register/ HTTP/1.1" 200 4871
INFO 2026-06-19 10:49:44,748 basehttp "GET /static/css/register.css HTTP/1.1" 200 57
INFO 2026-06-19 10:49:44,749 basehttp "GET /static/js/register.js?v=2 HTTP/1.1" 200 5091
DEBUG 2026-06-19 10:49:44,783 middleware 请求路径: /api/available_servers/
DEBUG 2026-06-19 10:49:44,783 middleware 请求方法: GET
DEBUG 2026-06-19 10:49:44,784 middleware 检查认证: /api/available_servers/
WARNING 2026-06-19 10:49:44,784 middleware 未找到访问令牌: /api/available_servers/
WARNING 2026-06-19 10:49:44,784 log Unauthorized: /api/available_servers/
WARNING 2026-06-19 10:49:44,784 basehttp "GET /api/available_servers/ HTTP/1.1" 401 76
DEBUG 2026-06-19 10:49:59,747 middleware 请求路径: /register/
DEBUG 2026-06-19 10:49:59,747 middleware 请求方法: POST
DEBUG 2026-06-19 10:49:59,747 middleware 公共路径: /register/ - 跳过认证
DEBUG 2026-06-19 10:49:59,747 auth 收到注册请求，方法: POST
INFO 2026-06-19 10:50:01,185 basehttp "POST /register/ HTTP/1.1" 200 66
DEBUG 2026-06-19 10:50:01,192 middleware 请求路径: /login/
DEBUG 2026-06-19 10:50:01,192 middleware 请求方法: GET
DEBUG 2026-06-19 10:50:01,192 middleware 公共路径: /login/ - 跳过认证
DEBUG 2026-06-19 10:50:01,192 auth 收到登录请求
INFO 2026-06-19 10:50:01,193 basehttp "GET /login/?register_success=true HTTP/1.1" 200 3698
DEBUG 2026-06-19 10:50:01,235 middleware 请求路径: /api/available_servers/
DEBUG 2026-06-19 10:50:01,235 middleware 请求方法: GET
DEBUG 2026-06-19 10:50:01,235 middleware 检查认证: /api/available_servers/
WARNING 2026-06-19 10:50:01,236 middleware 未找到访问令牌: /api/available_servers/
WARNING 2026-06-19 10:50:01,236 log Unauthorized: /api/available_servers/
WARNING 2026-06-19 10:50:01,236 basehttp "GET /api/available_servers/ HTTP/1.1" 401 76
DEBUG 2026-06-19 10:50:08,656 middleware 请求路径: /login/
DEBUG 2026-06-19 10:50:08,656 middleware 请求方法: POST
DEBUG 2026-06-19 10:50:08,656 middleware 公共路径: /login/ - 跳过认证
DEBUG 2026-06-19 10:50:08,657 auth 收到登录请求
INFO 2026-06-19 10:50:11,023 auth 用户 张三 登录成功
INFO 2026-06-19 10:50:11,216 basehttp "POST /login/ HTTP/1.1" 200 87
DEBUG 2026-06-19 10:50:11,225 middleware 请求路径: /index/
DEBUG 2026-06-19 10:50:11,225 middleware 请求方法: GET
DEBUG 2026-06-19 10:50:11,225 middleware 检查认证: /index/
DEBUG 2026-06-19 10:50:11,606 middleware 令牌验证成功: 用户 张三
INFO 2026-06-19 10:50:11,607 pages 用户 张三 访问首页
INFO 2026-06-19 10:50:12,165 pages 总共加载了 1 个主机
INFO 2026-06-19 10:50:12,166 basehttp "GET /index/ HTTP/1.1" 200 10180
DEBUG 2026-06-19 10:50:15,304 middleware 请求路径: /server_list/
DEBUG 2026-06-19 10:50:15,304 middleware 请求方法: GET
DEBUG 2026-06-19 10:50:15,304 middleware 检查认证: /server_list/
DEBUG 2026-06-19 10:50:15,932 middleware 令牌验证成功: 用户 张三
INFO 2026-06-19 10:50:15,934 basehttp "GET /server_list/ HTTP/1.1" 200 8385
INFO 2026-06-19 10:50:15,951 basehttp "GET /static/css/fontawesome.min.css HTTP/1.1" 200 56777
DEBUG 2026-06-19 10:50:15,966 middleware 请求路径: /api/available_servers/
DEBUG 2026-06-19 10:50:15,966 middleware 请求方法: GET
DEBUG 2026-06-19 10:50:15,967 middleware 检查认证: /api/available_servers/
DEBUG 2026-06-19 10:50:16,347 middleware 令牌验证成功: 用户 张三
INFO 2026-06-19 10:50:16,443 basehttp "GET /api/available_servers/?page=1&page_size=20 HTTP/1.1" 200 262
DEBUG 2026-06-19 10:50:21,650 middleware 请求路径: /index/
DEBUG 2026-06-19 10:50:21,651 middleware 请求方法: GET
DEBUG 2026-06-19 10:50:21,651 middleware 检查认证: /index/
DEBUG 2026-06-19 10:50:22,637 middleware 令牌验证成功: 用户 张三
INFO 2026-06-19 10:50:22,637 pages 用户 张三 访问首页
INFO 2026-06-19 10:50:22,684 pages 总共加载了 1 个主机
INFO 2026-06-19 10:50:22,685 basehttp "GET /index/ HTTP/1.1" 200 10180
DEBUG 2026-06-19 10:50:22,837 middleware 请求路径: /check_server_password_expiration/
DEBUG 2026-06-19 10:50:22,837 middleware 请求方法: GET
DEBUG 2026-06-19 10:50:22,838 middleware 检查认证: /check_server_password_expiration/
DEBUG 2026-06-19 10:50:24,043 middleware 令牌验证成功: 用户 张三
INFO 2026-06-19 10:50:24,092 basehttp "GET /check_server_password_expiration/?host=10.199.0.52&username=wzj HTTP/1.1" 200 173
DEBUG 2026-06-19 10:50:34,057 middleware 请求路径: /api/apply-permission/
DEBUG 2026-06-19 10:50:34,057 middleware 请求方法: POST
DEBUG 2026-06-19 10:50:34,057 middleware 检查认证: /api/apply-permission/
DEBUG 2026-06-19 10:50:34,684 middleware 令牌验证成功: 用户 张三
DEBUG 2026-06-19 10:50:34,919 connectionpool Starting new HTTPS connection (1): oapi.dingtalk.com:443
DEBUG 2026-06-19 10:50:37,314 connectionpool https://oapi.dingtalk.com:443 "POST /robot/send?access_token=0294f6d81f1cf5c187f8c941c6c40e8e3de2c890ff17aac534980240d6dc4f58 HTTP/1.1" 200 None
DEBUG 2026-06-19 10:50:37,315 common 钉钉消息发送成功
INFO 2026-06-19 10:50:37,315 permission 权限申请已提交: 用户=张三, 服务器=10.199.0.52, 时长=0.5小时
INFO 2026-06-19 10:50:37,316 basehttp "POST /api/apply-permission/ HTTP/1.1" 200 195
DEBUG 2026-06-19 10:51:34,174 middleware 请求路径: /logout/
DEBUG 2026-06-19 10:51:34,174 middleware 请求方法: GET
DEBUG 2026-06-19 10:51:34,175 middleware 检查认证: /logout/
DEBUG 2026-06-19 10:51:35,120 middleware 令牌验证成功: 用户 张三
INFO 2026-06-19 10:51:35,120 auth 用户登出
INFO 2026-06-19 10:51:35,226 basehttp "GET /logout/ HTTP/1.1" 302 0
DEBUG 2026-06-19 10:51:35,229 middleware 请求路径: /login/
DEBUG 2026-06-19 10:51:35,229 middleware 请求方法: GET
DEBUG 2026-06-19 10:51:35,229 middleware 公共路径: /login/ - 跳过认证
DEBUG 2026-06-19 10:51:35,229 auth 收到登录请求
INFO 2026-06-19 10:51:35,230 basehttp "GET /login/ HTTP/1.1" 200 3698
DEBUG 2026-06-19 10:51:35,280 middleware 请求路径: /api/available_servers/
DEBUG 2026-06-19 10:51:35,280 middleware 请求方法: GET
DEBUG 2026-06-19 10:51:35,281 middleware 检查认证: /api/available_servers/
WARNING 2026-06-19 10:51:35,281 middleware 未找到访问令牌: /api/available_servers/
WARNING 2026-06-19 10:51:35,281 log Unauthorized: /api/available_servers/
WARNING 2026-06-19 10:51:35,281 basehttp "GET /api/available_servers/ HTTP/1.1" 401 76
DEBUG 2026-06-19 10:51:42,261 middleware 请求路径: /login/
DEBUG 2026-06-19 10:51:42,261 middleware 请求方法: POST
DEBUG 2026-06-19 10:51:42,261 middleware 公共路径: /login/ - 跳过认证
DEBUG 2026-06-19 10:51:42,261 auth 收到登录请求
INFO 2026-06-19 10:51:43,630 auth 用户 王政君 登录成功
INFO 2026-06-19 10:51:44,340 basehttp "POST /login/ HTTP/1.1" 200 87
DEBUG 2026-06-19 10:51:44,348 middleware 请求路径: /index/
DEBUG 2026-06-19 10:51:44,349 middleware 请求方法: GET
DEBUG 2026-06-19 10:51:44,349 middleware 检查认证: /index/
DEBUG 2026-06-19 10:51:45,494 middleware 令牌验证成功: 用户 王政君
INFO 2026-06-19 10:51:45,495 pages 用户 王政君 访问首页
INFO 2026-06-19 10:51:45,543 pages 总共加载了 1 个主机
INFO 2026-06-19 10:51:45,544 basehttp "GET /index/ HTTP/1.1" 200 10182
DEBUG 2026-06-19 10:51:46,943 middleware 请求路径: /user_management/
DEBUG 2026-06-19 10:51:46,943 middleware 请求方法: GET
DEBUG 2026-06-19 10:51:46,943 middleware 检查认证: /user_management/
DEBUG 2026-06-19 10:51:47,871 middleware 令牌验证成功: 用户 王政君
INFO 2026-06-19 10:51:48,465 basehttp "GET /user_management/ HTTP/1.1" 200 10359
INFO 2026-06-19 10:51:48,482 basehttp "GET /static/js/user_management.js?v=3 HTTP/1.1" 304 0
DEBUG 2026-06-19 10:51:48,516 middleware 请求路径: /api/available_servers/
DEBUG 2026-06-19 10:51:48,516 middleware 请求方法: GET
DEBUG 2026-06-19 10:51:48,517 middleware 检查认证: /api/available_servers/
DEBUG 2026-06-19 10:51:49,149 middleware 令牌验证成功: 用户 王政君
INFO 2026-06-19 10:51:49,246 basehttp "GET /api/available_servers/ HTTP/1.1" 200 262
DEBUG 2026-06-19 10:51:58,422 middleware 请求路径: /system_token_management/
DEBUG 2026-06-19 10:51:58,423 middleware 请求方法: GET
DEBUG 2026-06-19 10:51:58,423 middleware 检查认证: /system_token_management/
DEBUG 2026-06-19 10:51:59,045 middleware 令牌验证成功: 用户 王政君
INFO 2026-06-19 10:51:59,103 basehttp "GET /system_token_management/ HTTP/1.1" 200 2803
DEBUG 2026-06-19 10:54:31,925 middleware 请求路径: /api/verify_current_user_token/
DEBUG 2026-06-19 10:54:31,925 middleware 请求方法: POST
DEBUG 2026-06-19 10:54:31,925 middleware 检查认证: /api/verify_current_user_token/
DEBUG 2026-06-19 10:54:32,861 middleware 令牌验证成功: 用户 王政君
ERROR 2026-06-19 10:54:32,909 otp 验证当前用户令牌失败: name 'OTP_VALID_WINDOW' is not defined
Traceback (most recent call last):
  File "D:\SynologyDrive\Myfile\办公整合\个人文件\pycode\server_management\app01\views\otp.py", line 128, in verify_current_user_token
    is_valid, error_msg, _ = verify_admin_otp(token_code)
                             ~~~~~~~~~~~~~~~~^^^^^^^^^^^^
  File "D:\SynologyDrive\Myfile\办公整合\个人文件\pycode\server_management\app01\views\common.py", line 92, in verify_admin_otp
    if not totp.verify(token_code, valid_window=OTP_VALID_WINDOW):
                                                ^^^^^^^^^^^^^^^^
NameError: name 'OTP_VALID_WINDOW' is not defined
ERROR 2026-06-19 10:54:32,931 log Internal Server Error: /api/verify_current_user_token/
ERROR 2026-06-19 10:54:32,931 basehttp "POST /api/verify_current_user_token/ HTTP/1.1" 500 98
DEBUG 2026-06-19 10:54:42,696 middleware 请求路径: /api/verify_current_user_token/
DEBUG 2026-06-19 10:54:42,696 middleware 请求方法: POST
DEBUG 2026-06-19 10:54:42,697 middleware 检查认证: /api/verify_current_user_token/
DEBUG 2026-06-19 10:54:43,069 middleware 令牌验证成功: 用户 王政君
ERROR 2026-06-19 10:54:43,372 otp 验证当前用户令牌失败: name 'OTP_VALID_WINDOW' is not defined
Traceback (most recent call last):
  File "D:\SynologyDrive\Myfile\办公整合\个人文件\pycode\server_management\app01\views\otp.py", line 128, in verify_current_user_token
    is_valid, error_msg, _ = verify_admin_otp(token_code)
                             ~~~~~~~~~~~~~~~~^^^^^^^^^^^^
  File "D:\SynologyDrive\Myfile\办公整合\个人文件\pycode\server_management\app01\views\common.py", line 92, in verify_admin_otp
    if not totp.verify(token_code, valid_window=OTP_VALID_WINDOW):
                                                ^^^^^^^^^^^^^^^^
NameError: name 'OTP_VALID_WINDOW' is not defined
ERROR 2026-06-19 10:54:43,372 log Internal Server Error: /api/verify_current_user_token/
ERROR 2026-06-19 10:54:43,373 basehttp "POST /api/verify_current_user_token/ HTTP/1.1" 500 98
INFO 2026-06-19 11:01:21,582 autoreload D:\SynologyDrive\Myfile\办公整合\个人文件\pycode\server_management\app01\views\otp.py changed, reloading.
INFO 2026-06-19 11:01:22,038 apps TasksConfig.ready() 被调用
INFO 2026-06-19 11:01:22,038 apps RUN_BACKGROUND_TASKS 设置: True
INFO 2026-06-19 11:01:22,038 apps 正在启动后台任务...
INFO 2026-06-19 11:01:22,221 tasks 尝试启动后台任务线程
INFO 2026-06-19 11:01:22,223 tasks 后台任务线程已启动，线程名: PasswordCheckThread
INFO 2026-06-19 11:01:22,224 apps 后台任务启动函数已调用
INFO 2026-06-19 11:01:22,232 autoreload Watching for file changes with StatReloader
INFO 2026-06-19 11:01:41,566 apps TasksConfig.ready() 被调用
INFO 2026-06-19 11:01:41,567 apps 不是主进程，跳过后台任务启动
INFO 2026-06-19 11:01:41,835 apps TasksConfig.ready() 被调用
INFO 2026-06-19 11:01:41,835 apps RUN_BACKGROUND_TASKS 设置: True
INFO 2026-06-19 11:01:41,836 apps 正在启动后台任务...
INFO 2026-06-19 11:01:41,939 tasks 尝试启动后台任务线程
INFO 2026-06-19 11:01:41,941 tasks 后台任务线程已启动，线程名: PasswordCheckThread
INFO 2026-06-19 11:01:41,941 apps 后台任务启动函数已调用
INFO 2026-06-19 11:01:41,947 autoreload Watching for file changes with StatReloader
DEBUG 2026-06-19 11:01:45,641 middleware 请求路径: /user_management/
DEBUG 2026-06-19 11:01:45,641 middleware 请求方法: GET
DEBUG 2026-06-19 11:01:45,641 middleware 检查认证: /user_management/
DEBUG 2026-06-19 11:01:46,755 middleware 令牌验证成功: 用户 王政君
INFO 2026-06-19 11:01:47,745 basehttp "GET /user_management/ HTTP/1.1" 200 10359
INFO 2026-06-19 11:01:47,759 basehttp "GET /static/js/user_management.js?v=3 HTTP/1.1" 304 0
DEBUG 2026-06-19 11:01:47,806 middleware 请求路径: /api/available_servers/
DEBUG 2026-06-19 11:01:47,806 middleware 请求方法: GET
DEBUG 2026-06-19 11:01:47,806 middleware 检查认证: /api/available_servers/
DEBUG 2026-06-19 11:01:48,726 middleware 令牌验证成功: 用户 王政君
DEBUG 2026-06-19 11:01:49,003 middleware 请求路径: /system_token_management/
DEBUG 2026-06-19 11:01:49,003 middleware 请求方法: GET
DEBUG 2026-06-19 11:01:49,004 middleware 检查认证: /system_token_management/
INFO 2026-06-19 11:01:49,099 basehttp "GET /api/available_servers/ HTTP/1.1" 200 262
DEBUG 2026-06-19 11:01:50,652 middleware 令牌验证成功: 用户 王政君
INFO 2026-06-19 11:01:50,750 basehttp "GET /system_token_management/ HTTP/1.1" 200 2803
DEBUG 2026-06-19 11:02:06,866 middleware 请求路径: /api/verify_current_user_token/
DEBUG 2026-06-19 11:02:06,867 middleware 请求方法: POST
DEBUG 2026-06-19 11:02:06,867 middleware 检查认证: /api/verify_current_user_token/
DEBUG 2026-06-19 11:02:07,551 middleware 令牌验证成功: 用户 王政君
INFO 2026-06-19 11:02:07,615 basehttp "POST /api/verify_current_user_token/ HTTP/1.1" 200 102
DEBUG 2026-06-19 11:02:15,881 middleware 请求路径: /index/
DEBUG 2026-06-19 11:02:15,881 middleware 请求方法: GET
DEBUG 2026-06-19 11:02:15,882 middleware 检查认证: /index/
DEBUG 2026-06-19 11:02:16,385 middleware 令牌验证成功: 用户 王政君
INFO 2026-06-19 11:02:16,386 pages 用户 王政君 访问首页
INFO 2026-06-19 11:02:16,450 pages 总共加载了 1 个主机
INFO 2026-06-19 11:02:16,453 basehttp "GET /index/ HTTP/1.1" 200 10182
DEBUG 2026-06-19 11:09:32,550 middleware 请求路径: /logout/
DEBUG 2026-06-19 11:09:32,551 middleware 请求方法: GET
DEBUG 2026-06-19 11:09:32,551 middleware 检查认证: /logout/
DEBUG 2026-06-19 11:09:33,745 middleware 令牌验证成功: 用户 王政君
INFO 2026-06-19 11:09:33,745 auth 用户登出
INFO 2026-06-19 11:09:33,871 basehttp "GET /logout/ HTTP/1.1" 302 0
DEBUG 2026-06-19 11:09:33,874 middleware 请求路径: /login/
DEBUG 2026-06-19 11:09:33,874 middleware 请求方法: GET
DEBUG 2026-06-19 11:09:33,874 middleware 公共路径: /login/ - 跳过认证
DEBUG 2026-06-19 11:09:33,875 auth 收到登录请求
INFO 2026-06-19 11:09:33,876 basehttp "GET /login/ HTTP/1.1" 200 3698
DEBUG 2026-06-19 11:09:33,953 middleware 请求路径: /api/available_servers/
DEBUG 2026-06-19 11:09:33,954 middleware 请求方法: GET
DEBUG 2026-06-19 11:09:33,954 middleware 检查认证: /api/available_servers/
WARNING 2026-06-19 11:09:33,954 middleware 未找到访问令牌: /api/available_servers/
WARNING 2026-06-19 11:09:33,955 log Unauthorized: /api/available_servers/
WARNING 2026-06-19 11:09:33,956 basehttp "GET /api/available_servers/ HTTP/1.1" 401 76
DEBUG 2026-06-19 11:09:47,356 middleware 请求路径: /login/
DEBUG 2026-06-19 11:09:47,356 middleware 请求方法: POST
DEBUG 2026-06-19 11:09:47,357 middleware 公共路径: /login/ - 跳过认证
DEBUG 2026-06-19 11:09:47,357 auth 收到登录请求
INFO 2026-06-19 11:09:49,539 auth 用户 王政君 登录成功
INFO 2026-06-19 11:09:50,046 basehttp "POST /login/ HTTP/1.1" 200 87
DEBUG 2026-06-19 11:09:50,055 middleware 请求路径: /index/
DEBUG 2026-06-19 11:09:50,055 middleware 请求方法: GET
DEBUG 2026-06-19 11:09:50,055 middleware 检查认证: /index/
DEBUG 2026-06-19 11:09:51,028 middleware 令牌验证成功: 用户 王政君
INFO 2026-06-19 11:09:51,028 pages 用户 王政君 访问首页
INFO 2026-06-19 11:09:51,097 pages 总共加载了 1 个主机
INFO 2026-06-19 11:09:51,098 basehttp "GET /index/ HTTP/1.1" 200 10182
DEBUG 2026-06-19 11:09:53,691 middleware 请求路径: /user_management/
DEBUG 2026-06-19 11:09:53,691 middleware 请求方法: GET
DEBUG 2026-06-19 11:09:53,692 middleware 检查认证: /user_management/
DEBUG 2026-06-19 11:09:54,697 middleware 令牌验证成功: 用户 王政君
INFO 2026-06-19 11:09:55,387 basehttp "GET /user_management/ HTTP/1.1" 200 10359
INFO 2026-06-19 11:09:55,405 basehttp "GET /static/js/user_management.js?v=3 HTTP/1.1" 304 0
DEBUG 2026-06-19 11:09:55,438 middleware 请求路径: /api/available_servers/
DEBUG 2026-06-19 11:09:55,438 middleware 请求方法: GET
DEBUG 2026-06-19 11:09:55,438 middleware 检查认证: /api/available_servers/
DEBUG 2026-06-19 11:09:56,270 middleware 令牌验证成功: 用户 王政君
INFO 2026-06-19 11:09:56,680 basehttp "GET /api/available_servers/ HTTP/1.1" 200 262
DEBUG 2026-06-19 11:10:00,483 middleware 请求路径: /index/
DEBUG 2026-06-19 11:10:00,483 middleware 请求方法: GET
DEBUG 2026-06-19 11:10:00,483 middleware 检查认证: /index/
DEBUG 2026-06-19 11:10:01,748 middleware 令牌验证成功: 用户 王政君
INFO 2026-06-19 11:10:01,748 pages 用户 王政君 访问首页
INFO 2026-06-19 11:10:01,806 pages 总共加载了 1 个主机
INFO 2026-06-19 11:10:01,807 basehttp "GET /index/ HTTP/1.1" 200 10182
DEBUG 2026-06-19 11:10:02,554 middleware 请求路径: /server_management/
DEBUG 2026-06-19 11:10:02,554 middleware 请求方法: GET
DEBUG 2026-06-19 11:10:02,554 middleware 检查认证: /server_management/
DEBUG 2026-06-19 11:10:03,206 middleware 令牌验证成功: 用户 王政君
INFO 2026-06-19 11:10:03,218 basehttp "GET /server_management/ HTTP/1.1" 200 7814
DEBUG 2026-06-19 11:10:03,247 middleware 请求路径: /api/available_servers/
DEBUG 2026-06-19 11:10:03,247 middleware 请求方法: GET
DEBUG 2026-06-19 11:10:03,248 middleware 检查认证: /api/available_servers/
DEBUG 2026-06-19 11:10:03,250 middleware 请求路径: /server_management/
DEBUG 2026-06-19 11:10:03,251 middleware 请求方法: GET
DEBUG 2026-06-19 11:10:03,251 middleware 检查认证: /server_management/
DEBUG 2026-06-19 11:10:03,980 middleware 令牌验证成功: 用户 王政君
DEBUG 2026-06-19 11:10:04,088 middleware 令牌验证成功: 用户 王政君
INFO 2026-06-19 11:10:04,124 basehttp "GET /server_management/?page=1&page_size=10 HTTP/1.1" 200 319
INFO 2026-06-19 11:10:04,209 basehttp "GET /api/available_servers/ HTTP/1.1" 200 262
DEBUG 2026-06-19 11:10:08,586 middleware 请求路径: /index/
DEBUG 2026-06-19 11:10:08,586 middleware 请求方法: GET
DEBUG 2026-06-19 11:10:08,586 middleware 检查认证: /index/
DEBUG 2026-06-19 11:10:09,677 middleware 令牌验证成功: 用户 王政君
INFO 2026-06-19 11:10:09,677 pages 用户 王政君 访问首页
INFO 2026-06-19 11:10:09,747 pages 总共加载了 1 个主机
INFO 2026-06-19 11:10:09,748 basehttp "GET /index/ HTTP/1.1" 200 10182
DEBUG 2026-06-19 11:10:16,310 middleware 请求路径: /api/apply-permission/
DEBUG 2026-06-19 11:10:16,310 middleware 请求方法: POST
DEBUG 2026-06-19 11:10:16,311 middleware 检查认证: /api/apply-permission/
DEBUG 2026-06-19 11:10:16,792 middleware 令牌验证成功: 用户 王政君
DEBUG 2026-06-19 11:10:17,053 connectionpool Starting new HTTPS connection (1): oapi.dingtalk.com:443
DEBUG 2026-06-19 11:10:18,388 connectionpool https://oapi.dingtalk.com:443 "POST /robot/send?access_token=0294f6d81f1cf5c187f8c941c6c40e8e3de2c890ff17aac534980240d6dc4f58 HTTP/1.1" 200 None
DEBUG 2026-06-19 11:10:18,388 common 钉钉消息发送成功
INFO 2026-06-19 11:10:18,388 permission 权限申请已提交: 用户=王政君, 服务器=10.199.0.52, 时长=0.5小时
INFO 2026-06-19 11:10:18,389 basehttp "POST /api/apply-permission/ HTTP/1.1" 200 195
DEBUG 2026-06-19 11:10:23,039 middleware 请求路径: /api/verify-otp/
DEBUG 2026-06-19 11:10:23,040 middleware 请求方法: POST
DEBUG 2026-06-19 11:10:23,040 middleware 检查认证: /api/verify-otp/
DEBUG 2026-06-19 11:10:23,625 middleware 令牌验证成功: 用户 王政君
DEBUG 2026-06-19 11:10:23,625 permission 收到OTP验证请求: user=王政君, server_id=3
ERROR 2026-06-19 11:10:23,674 permission OTP验证失败: name 'OTP_VALID_WINDOW' is not defined
Traceback (most recent call last):
  File "D:\SynologyDrive\Myfile\办公整合\个人文件\pycode\server_management\app01\views\permission.py", line 288, in verify_otp
    is_valid, error_msg, admin_user = verify_admin_otp(token_code)
                                      ~~~~~~~~~~~~~~~~^^^^^^^^^^^^
  File "D:\SynologyDrive\Myfile\办公整合\个人文件\pycode\server_management\app01\views\common.py", line 92, in verify_admin_otp
    if not totp.verify(token_code, valid_window=OTP_VALID_WINDOW):
                                                ^^^^^^^^^^^^^^^^
NameError: name 'OTP_VALID_WINDOW' is not defined
ERROR 2026-06-19 11:10:23,685 log Internal Server Error: /api/verify-otp/
ERROR 2026-06-19 11:10:23,686 basehttp "POST /api/verify-otp/ HTTP/1.1" 500 98
INFO 2026-06-19 11:13:17,673 autoreload D:\SynologyDrive\Myfile\办公整合\个人文件\pycode\server_management\app01\views\common.py changed, reloading.
INFO 2026-06-19 11:13:18,133 apps TasksConfig.ready() 被调用
INFO 2026-06-19 11:13:18,133 apps RUN_BACKGROUND_TASKS 设置: True
INFO 2026-06-19 11:13:18,133 apps 正在启动后台任务...
INFO 2026-06-19 11:13:18,254 tasks 尝试启动后台任务线程
INFO 2026-06-19 11:13:18,256 tasks 后台任务线程已启动，线程名: PasswordCheckThread
INFO 2026-06-19 11:13:18,257 apps 后台任务启动函数已调用
INFO 2026-06-19 11:13:18,263 autoreload Watching for file changes with StatReloader
INFO 2026-06-19 11:13:48,078 apps TasksConfig.ready() 被调用
INFO 2026-06-19 11:13:48,079 apps 不是主进程，跳过后台任务启动
INFO 2026-06-19 11:13:48,357 apps TasksConfig.ready() 被调用
INFO 2026-06-19 11:13:48,358 apps RUN_BACKGROUND_TASKS 设置: True
INFO 2026-06-19 11:13:48,358 apps 正在启动后台任务...
INFO 2026-06-19 11:13:48,463 tasks 尝试启动后台任务线程
INFO 2026-06-19 11:13:48,464 tasks 后台任务线程已启动，线程名: PasswordCheckThread
INFO 2026-06-19 11:13:48,465 apps 后台任务启动函数已调用
INFO 2026-06-19 11:13:48,470 autoreload Watching for file changes with StatReloader
DEBUG 2026-06-19 11:13:57,312 middleware 请求路径: /index/
DEBUG 2026-06-19 11:13:57,313 middleware 请求方法: GET
DEBUG 2026-06-19 11:13:57,313 middleware 检查认证: /index/
WARNING 2026-06-19 11:13:57,313 middleware 未找到访问令牌: /index/
INFO 2026-06-19 11:13:57,315 basehttp "GET /index/ HTTP/1.1" 302 0
DEBUG 2026-06-19 11:13:57,319 middleware 请求路径: /login/
DEBUG 2026-06-19 11:13:57,319 middleware 请求方法: GET
DEBUG 2026-06-19 11:13:57,319 middleware 公共路径: /login/ - 跳过认证
DEBUG 2026-06-19 11:13:57,319 auth 收到登录请求
INFO 2026-06-19 11:13:57,324 basehttp "GET /login/ HTTP/1.1" 200 3698
INFO 2026-06-19 11:13:57,459 basehttp "GET /static/css/all.min.css HTTP/1.1" 200 73890
INFO 2026-06-19 11:13:57,466 basehttp "GET /static/css/bootstrap.min.css HTTP/1.1" 200 232018
INFO 2026-06-19 11:13:57,468 basehttp "GET /static/js/login.js HTTP/1.1" 200 3375
INFO 2026-06-19 11:13:57,469 basehttp "GET /static/js/custom.js HTTP/1.1" 200 60367
INFO 2026-06-19 11:13:57,478 basehttp "GET /static/css/custom.css HTTP/1.1" 200 15646
INFO 2026-06-19 11:13:57,480 basehttp "GET /static/css/login.css HTTP/1.1" 200 100
INFO 2026-06-19 11:13:57,497 basehttp "GET /static/js/bootstrap.bundle.min.js HTTP/1.1" 200 80821
INFO 2026-06-19 11:13:57,497 basehttp "GET /static/js/jquery-3.7.1.min.js HTTP/1.1" 200 105295
INFO 2026-06-19 11:13:57,516 basehttp "GET /static/webfonts/fa-solid-900.woff2 HTTP/1.1" 200 158220
DEBUG 2026-06-19 11:13:57,521 middleware 请求路径: /api/available_servers/
DEBUG 2026-06-19 11:13:57,521 middleware 请求方法: GET
DEBUG 2026-06-19 11:13:57,521 middleware 检查认证: /api/available_servers/
WARNING 2026-06-19 11:13:57,521 middleware 未找到访问令牌: /api/available_servers/
WARNING 2026-06-19 11:13:57,522 log Unauthorized: /api/available_servers/
WARNING 2026-06-19 11:13:57,522 basehttp "GET /api/available_servers/ HTTP/1.1" 401 76
DEBUG 2026-06-19 11:14:06,361 middleware 请求路径: /login/
DEBUG 2026-06-19 11:14:06,361 middleware 请求方法: POST
DEBUG 2026-06-19 11:14:06,361 middleware 公共路径: /login/ - 跳过认证
DEBUG 2026-06-19 11:14:06,362 auth 收到登录请求
INFO 2026-06-19 11:14:08,002 auth 用户 张三 登录成功
INFO 2026-06-19 11:14:08,518 basehttp "POST /login/ HTTP/1.1" 200 87
DEBUG 2026-06-19 11:14:08,526 middleware 请求路径: /index/
DEBUG 2026-06-19 11:14:08,526 middleware 请求方法: GET
DEBUG 2026-06-19 11:14:08,526 middleware 检查认证: /index/
DEBUG 2026-06-19 11:14:09,059 middleware 令牌验证成功: 用户 张三
INFO 2026-06-19 11:14:09,067 pages 用户 张三 访问首页
INFO 2026-06-19 11:14:09,135 pages 总共加载了 1 个主机
INFO 2026-06-19 11:14:09,139 basehttp "GET /index/ HTTP/1.1" 200 10180
DEBUG 2026-06-19 11:14:15,739 middleware 请求路径: /api/apply-permission/
DEBUG 2026-06-19 11:14:15,740 middleware 请求方法: POST
DEBUG 2026-06-19 11:14:15,740 middleware 检查认证: /api/apply-permission/
DEBUG 2026-06-19 11:14:17,157 middleware 令牌验证成功: 用户 张三
DEBUG 2026-06-19 11:14:17,365 connectionpool Starting new HTTPS connection (1): oapi.dingtalk.com:443
DEBUG 2026-06-19 11:14:18,481 connectionpool https://oapi.dingtalk.com:443 "POST /robot/send?access_token=0294f6d81f1cf5c187f8c941c6c40e8e3de2c890ff17aac534980240d6dc4f58 HTTP/1.1" 200 None
DEBUG 2026-06-19 11:14:18,482 common 钉钉消息发送成功
INFO 2026-06-19 11:14:18,482 permission 权限申请已提交: 用户=张三, 服务器=10.199.0.52, 时长=0.5小时
INFO 2026-06-19 11:14:18,482 basehttp "POST /api/apply-permission/ HTTP/1.1" 200 195
DEBUG 2026-06-19 11:14:28,091 middleware 请求路径: /api/verify-otp/
DEBUG 2026-06-19 11:14:28,091 middleware 请求方法: POST
DEBUG 2026-06-19 11:14:28,091 middleware 检查认证: /api/verify-otp/
DEBUG 2026-06-19 11:14:29,973 middleware 令牌验证成功: 用户 张三
DEBUG 2026-06-19 11:14:29,973 permission 收到OTP验证请求: user=张三, server_id=3
INFO 2026-06-19 11:14:30,090 permission 处理并发请求: server_id=3, duration=0.5小时, account=wzj, applicant=张三
DEBUG 2026-06-19 11:14:30,207 server 尝试连接服务器 10.199.0.52:22
DEBUG 2026-06-19 11:14:30,208 transport starting thread (client mode): 0xce2f0ad0
DEBUG 2026-06-19 11:14:30,208 transport Local version/idstring: SSH-2.0-paramiko_4.0.0
DEBUG 2026-06-19 11:14:30,342 transport Remote version/idstring: SSH-2.0-OpenSSH_7.4
INFO 2026-06-19 11:14:30,342 transport Connected (version 2.0, client OpenSSH_7.4)
DEBUG 2026-06-19 11:14:30,342 transport === Key exchange possibilities ===
DEBUG 2026-06-19 11:14:30,343 transport kex algos: curve25519-sha256, curve25519-sha256@libssh.org, ecdh-sha2-nistp256, ecdh-sha2-nistp384, ecdh-sha2-nistp521, diffie-hellman-group-exchange-sha256, diffie-hellman-group16-sha512, diffie-hellman-group18-sha512, diffie-hellman-group-exchange-sha1, diffie-hellman-group14-sha256, diffie-hellman-group14-sha1, diffie-hellman-group1-sha1
DEBUG 2026-06-19 11:14:30,343 transport server key: ssh-rsa, rsa-sha2-512, rsa-sha2-256, ecdsa-sha2-nistp256, ssh-ed25519
DEBUG 2026-06-19 11:14:30,343 transport client encrypt: chacha20-poly1305@openssh.com, aes128-ctr, aes192-ctr, aes256-ctr, aes128-gcm@openssh.com, aes256-gcm@openssh.com, aes128-cbc, aes192-cbc, aes256-cbc, blowfish-cbc, cast128-cbc, 3des-cbc
DEBUG 2026-06-19 11:14:30,343 transport server encrypt: chacha20-poly1305@openssh.com, aes128-ctr, aes192-ctr, aes256-ctr, aes128-gcm@openssh.com, aes256-gcm@openssh.com, aes128-cbc, aes192-cbc, aes256-cbc, blowfish-cbc, cast128-cbc, 3des-cbc
DEBUG 2026-06-19 11:14:30,343 transport client mac: umac-64-etm@openssh.com, umac-128-etm@openssh.com, hmac-sha2-256-etm@openssh.com, hmac-sha2-512-etm@openssh.com, hmac-sha1-etm@openssh.com, umac-64@openssh.com, umac-128@openssh.com, hmac-sha2-256, hmac-sha2-512, hmac-sha1
DEBUG 2026-06-19 11:14:30,343 transport server mac: umac-64-etm@openssh.com, umac-128-etm@openssh.com, hmac-sha2-256-etm@openssh.com, hmac-sha2-512-etm@openssh.com, hmac-sha1-etm@openssh.com, umac-64@openssh.com, umac-128@openssh.com, hmac-sha2-256, hmac-sha2-512, hmac-sha1
DEBUG 2026-06-19 11:14:30,343 transport client compress: none, zlib@openssh.com
DEBUG 2026-06-19 11:14:30,343 transport server compress: none, zlib@openssh.com
DEBUG 2026-06-19 11:14:30,343 transport client lang: <none>
DEBUG 2026-06-19 11:14:30,343 transport server lang: <none>
DEBUG 2026-06-19 11:14:30,343 transport kex follows: False
DEBUG 2026-06-19 11:14:30,344 transport === Key exchange agreements ===
DEBUG 2026-06-19 11:14:30,344 transport Kex: curve25519-sha256@libssh.org
DEBUG 2026-06-19 11:14:30,344 transport HostKey: ssh-ed25519
DEBUG 2026-06-19 11:14:30,344 transport Cipher: aes128-ctr
DEBUG 2026-06-19 11:14:30,344 transport MAC: hmac-sha2-256
DEBUG 2026-06-19 11:14:30,344 transport Compression: none
DEBUG 2026-06-19 11:14:30,344 transport === End of kex handshake ===
DEBUG 2026-06-19 11:14:30,421 transport kex engine KexCurve25519 specified hash_algo <built-in function openssl_sha256>
DEBUG 2026-06-19 11:14:30,422 transport Switch to new keys ...
DEBUG 2026-06-19 11:14:30,422 transport Adding ssh-ed25519 host key for 10.199.0.52: b'e6e0f1ef6dcfa2d4cdb60dae4baf0fd8'
DEBUG 2026-06-19 11:14:30,422 transport Got EXT_INFO: {'server-sig-algs': b'rsa-sha2-256,rsa-sha2-512'}
DEBUG 2026-06-19 11:14:30,502 transport userauth is OK
INFO 2026-06-19 11:14:30,609 transport Authentication (password) successful!
INFO 2026-06-19 11:14:30,609 server 成功连接到服务器 10.199.0.52
DEBUG 2026-06-19 11:14:30,609 server 执行密码更新命令，目标服务器: 10.199.0.52
DEBUG 2026-06-19 11:14:30,609 channel [chan 0] Max packet in: 32768 bytes
DEBUG 2026-06-19 11:14:30,628 transport Received global request "hostkeys-00@openssh.com"
DEBUG 2026-06-19 11:14:30,628 transport Rejecting "hostkeys-00@openssh.com" global request from server.
DEBUG 2026-06-19 11:14:31,016 channel [chan 0] Max packet out: 32768 bytes
DEBUG 2026-06-19 11:14:31,016 transport Secsh channel 0 opened.
DEBUG 2026-06-19 11:14:31,178 channel [chan 0] Sesch channel 0 request ok
DEBUG 2026-06-19 11:14:31,178 channel [chan 0] EOF sent (0)
DEBUG 2026-06-19 11:14:32,873 channel [chan 0] EOF received (0)
ERROR 2026-06-19 11:14:32,873 server 服务器密码更新失败, 退出状态: 1, 错误信息: 
ERROR 2026-06-19 11:14:32,873 permission 更新服务器 10.199.0.52 密码失败
ERROR 2026-06-19 11:14:32,988 log Internal Server Error: /api/verify-otp/
ERROR 2026-06-19 11:14:32,989 basehttp "POST /api/verify-otp/ HTTP/1.1" 500 70
INFO 2026-06-19 11:17:03,435 autoreload D:\SynologyDrive\Myfile\办公整合\个人文件\pycode\server_management\app01\views\server.py changed, reloading.
INFO 2026-06-19 11:19:12,318 autoreload D:\SynologyDrive\Myfile\办公整合\个人文件\pycode\server_management\app01\views\server.py changed, reloading.
INFO 2026-06-19 11:19:12,696 apps TasksConfig.ready() 被调用
INFO 2026-06-19 11:19:12,697 apps RUN_BACKGROUND_TASKS 设置: True
INFO 2026-06-19 11:19:12,697 apps 正在启动后台任务...
INFO 2026-06-19 11:19:12,824 tasks 尝试启动后台任务线程
INFO 2026-06-19 11:19:12,825 tasks 后台任务线程已启动，线程名: PasswordCheckThread
INFO 2026-06-19 11:19:12,826 apps 后台任务启动函数已调用
INFO 2026-06-19 11:19:12,831 autoreload Watching for file changes with StatReloader
INFO 2026-06-19 11:19:19,375 autoreload D:\SynologyDrive\Myfile\办公整合\个人文件\pycode\server_management\app01\views\permission.py changed, reloading.
INFO 2026-06-19 11:19:19,727 apps TasksConfig.ready() 被调用
INFO 2026-06-19 11:19:19,727 apps RUN_BACKGROUND_TASKS 设置: True
INFO 2026-06-19 11:19:19,727 apps 正在启动后台任务...
INFO 2026-06-19 11:19:19,838 tasks 尝试启动后台任务线程
INFO 2026-06-19 11:19:19,839 tasks 后台任务线程已启动，线程名: PasswordCheckThread
INFO 2026-06-19 11:19:19,840 apps 后台任务启动函数已调用
INFO 2026-06-19 11:19:19,845 autoreload Watching for file changes with StatReloader
DEBUG 2026-06-19 11:20:43,411 middleware 请求路径: /api/verify-otp/
DEBUG 2026-06-19 11:20:43,412 middleware 请求方法: POST
DEBUG 2026-06-19 11:20:43,412 middleware 检查认证: /api/verify-otp/
DEBUG 2026-06-19 11:20:44,107 middleware 令牌验证成功: 用户 张三
DEBUG 2026-06-19 11:20:44,108 permission 收到OTP验证请求: user=张三, server_id=3
INFO 2026-06-19 11:20:44,209 permission 处理并发请求: server_id=3, duration=0.5小时, account=wzj, applicant=张三
DEBUG 2026-06-19 11:20:44,557 server 尝试连接服务器 10.199.0.52:22
DEBUG 2026-06-19 11:20:44,568 transport starting thread (client mode): 0xca6d5fd0
DEBUG 2026-06-19 11:20:44,568 transport Local version/idstring: SSH-2.0-paramiko_4.0.0
DEBUG 2026-06-19 11:20:44,675 transport Remote version/idstring: SSH-2.0-OpenSSH_7.4
INFO 2026-06-19 11:20:44,675 transport Connected (version 2.0, client OpenSSH_7.4)
DEBUG 2026-06-19 11:20:44,676 transport === Key exchange possibilities ===
DEBUG 2026-06-19 11:20:44,676 transport kex algos: curve25519-sha256, curve25519-sha256@libssh.org, ecdh-sha2-nistp256, ecdh-sha2-nistp384, ecdh-sha2-nistp521, diffie-hellman-group-exchange-sha256, diffie-hellman-group16-sha512, diffie-hellman-group18-sha512, diffie-hellman-group-exchange-sha1, diffie-hellman-group14-sha256, diffie-hellman-group14-sha1, diffie-hellman-group1-sha1
DEBUG 2026-06-19 11:20:44,676 transport server key: ssh-rsa, rsa-sha2-512, rsa-sha2-256, ecdsa-sha2-nistp256, ssh-ed25519
DEBUG 2026-06-19 11:20:44,676 transport client encrypt: chacha20-poly1305@openssh.com, aes128-ctr, aes192-ctr, aes256-ctr, aes128-gcm@openssh.com, aes256-gcm@openssh.com, aes128-cbc, aes192-cbc, aes256-cbc, blowfish-cbc, cast128-cbc, 3des-cbc
DEBUG 2026-06-19 11:20:44,676 transport server encrypt: chacha20-poly1305@openssh.com, aes128-ctr, aes192-ctr, aes256-ctr, aes128-gcm@openssh.com, aes256-gcm@openssh.com, aes128-cbc, aes192-cbc, aes256-cbc, blowfish-cbc, cast128-cbc, 3des-cbc
DEBUG 2026-06-19 11:20:44,676 transport client mac: umac-64-etm@openssh.com, umac-128-etm@openssh.com, hmac-sha2-256-etm@openssh.com, hmac-sha2-512-etm@openssh.com, hmac-sha1-etm@openssh.com, umac-64@openssh.com, umac-128@openssh.com, hmac-sha2-256, hmac-sha2-512, hmac-sha1
DEBUG 2026-06-19 11:20:44,676 transport server mac: umac-64-etm@openssh.com, umac-128-etm@openssh.com, hmac-sha2-256-etm@openssh.com, hmac-sha2-512-etm@openssh.com, hmac-sha1-etm@openssh.com, umac-64@openssh.com, umac-128@openssh.com, hmac-sha2-256, hmac-sha2-512, hmac-sha1
DEBUG 2026-06-19 11:20:44,677 transport client compress: none, zlib@openssh.com
DEBUG 2026-06-19 11:20:44,677 transport server compress: none, zlib@openssh.com
DEBUG 2026-06-19 11:20:44,677 transport client lang: <none>
DEBUG 2026-06-19 11:20:44,677 transport server lang: <none>
DEBUG 2026-06-19 11:20:44,677 transport kex follows: False
DEBUG 2026-06-19 11:20:44,677 transport === Key exchange agreements ===
DEBUG 2026-06-19 11:20:44,677 transport Kex: curve25519-sha256@libssh.org
DEBUG 2026-06-19 11:20:44,677 transport HostKey: ssh-ed25519
DEBUG 2026-06-19 11:20:44,677 transport Cipher: aes128-ctr
DEBUG 2026-06-19 11:20:44,677 transport MAC: hmac-sha2-256
DEBUG 2026-06-19 11:20:44,677 transport Compression: none
DEBUG 2026-06-19 11:20:44,677 transport === End of kex handshake ===
DEBUG 2026-06-19 11:20:44,745 transport kex engine KexCurve25519 specified hash_algo <built-in function openssl_sha256>
DEBUG 2026-06-19 11:20:44,745 transport Switch to new keys ...
DEBUG 2026-06-19 11:20:44,745 transport Adding ssh-ed25519 host key for 10.199.0.52: b'e6e0f1ef6dcfa2d4cdb60dae4baf0fd8'
DEBUG 2026-06-19 11:20:44,745 transport Got EXT_INFO: {'server-sig-algs': b'rsa-sha2-256,rsa-sha2-512'}
DEBUG 2026-06-19 11:20:44,806 transport userauth is OK
INFO 2026-06-19 11:20:44,908 transport Authentication (password) successful!
INFO 2026-06-19 11:20:44,908 server 成功连接到服务器 10.199.0.52
DEBUG 2026-06-19 11:20:44,908 server 执行密码更新命令，目标服务器: 10.199.0.52
DEBUG 2026-06-19 11:20:44,908 channel [chan 0] Max packet in: 32768 bytes
DEBUG 2026-06-19 11:20:44,920 transport Received global request "hostkeys-00@openssh.com"
DEBUG 2026-06-19 11:20:44,920 transport Rejecting "hostkeys-00@openssh.com" global request from server.
DEBUG 2026-06-19 11:20:44,967 channel [chan 0] Max packet out: 32768 bytes
DEBUG 2026-06-19 11:20:44,967 transport Secsh channel 0 opened.
DEBUG 2026-06-19 11:20:45,572 channel [chan 0] Sesch channel 0 request ok
DEBUG 2026-06-19 11:20:45,572 channel [chan 0] EOF sent (0)
DEBUG 2026-06-19 11:20:45,988 channel [chan 0] EOF received (0)
INFO 2026-06-19 11:20:45,988 server 服务器 10.199.0.52 密码更新成功
INFO 2026-06-19 11:20:46,036 permission 服务器 10.199.0.52 密码处理成功（新密码）
INFO 2026-06-19 11:20:46,287 permission OTP验证成功，返回服务器信息: user=张三, server=10.199.0.52
INFO 2026-06-19 11:20:46,288 basehttp "POST /api/verify-otp/ HTTP/1.1" 200 286
INFO 2026-06-19 11:25:41,587 apps TasksConfig.ready() 被调用
INFO 2026-06-19 11:25:41,587 apps 不是主进程，跳过后台任务启动
INFO 2026-06-19 11:25:41,883 apps TasksConfig.ready() 被调用
INFO 2026-06-19 11:25:41,883 apps RUN_BACKGROUND_TASKS 设置: True
INFO 2026-06-19 11:25:41,883 apps 正在启动后台任务...
INFO 2026-06-19 11:25:42,003 tasks 尝试启动后台任务线程
INFO 2026-06-19 11:25:42,004 tasks 后台任务线程已启动，线程名: PasswordCheckThread
INFO 2026-06-19 11:25:42,005 apps 后台任务启动函数已调用
INFO 2026-06-19 11:25:42,010 autoreload Watching for file changes with StatReloader
DEBUG 2026-06-19 11:25:49,412 middleware 请求路径: /index/
DEBUG 2026-06-19 11:25:49,412 middleware 请求方法: GET
DEBUG 2026-06-19 11:25:49,413 middleware 检查认证: /index/
WARNING 2026-06-19 11:25:49,413 middleware 未找到访问令牌: /index/
INFO 2026-06-19 11:25:49,415 basehttp "GET /index/ HTTP/1.1" 302 0
DEBUG 2026-06-19 11:25:49,417 middleware 请求路径: /login/
DEBUG 2026-06-19 11:25:49,418 middleware 请求方法: GET
DEBUG 2026-06-19 11:25:49,418 middleware 公共路径: /login/ - 跳过认证
DEBUG 2026-06-19 11:25:49,418 auth 收到登录请求
INFO 2026-06-19 11:25:49,423 basehttp "GET /login/ HTTP/1.1" 200 3702
INFO 2026-06-19 11:25:49,553 basehttp "GET /static/css/all.min.css HTTP/1.1" 200 73890
INFO 2026-06-19 11:25:49,554 basehttp "GET /static/js/custom.js?v=2 HTTP/1.1" 200 61166
INFO 2026-06-19 11:25:49,560 basehttp "GET /static/js/login.js HTTP/1.1" 200 3375
INFO 2026-06-19 11:25:49,586 basehttp "GET /static/css/custom.css HTTP/1.1" 200 15646
INFO 2026-06-19 11:25:49,592 basehttp "GET /static/css/bootstrap.min.css HTTP/1.1" 200 232018
INFO 2026-06-19 11:25:49,598 basehttp "GET /static/css/login.css HTTP/1.1" 200 100
INFO 2026-06-19 11:25:49,607 basehttp "GET /static/js/jquery-3.7.1.min.js HTTP/1.1" 200 105295
INFO 2026-06-19 11:25:49,607 basehttp "GET /static/js/bootstrap.bundle.min.js HTTP/1.1" 200 80821
INFO 2026-06-19 11:25:49,636 basehttp "GET /static/webfonts/fa-solid-900.woff2 HTTP/1.1" 200 158220
DEBUG 2026-06-19 11:25:49,645 middleware 请求路径: /api/available_servers/
DEBUG 2026-06-19 11:25:49,645 middleware 请求方法: GET
DEBUG 2026-06-19 11:25:49,645 middleware 检查认证: /api/available_servers/
WARNING 2026-06-19 11:25:49,645 middleware 未找到访问令牌: /api/available_servers/
WARNING 2026-06-19 11:25:49,646 log Unauthorized: /api/available_servers/
WARNING 2026-06-19 11:25:49,647 basehttp "GET /api/available_servers/ HTTP/1.1" 401 76
DEBUG 2026-06-19 11:25:54,511 middleware 请求路径: /login/
DEBUG 2026-06-19 11:25:54,512 middleware 请求方法: POST
DEBUG 2026-06-19 11:25:54,512 middleware 公共路径: /login/ - 跳过认证
DEBUG 2026-06-19 11:25:54,512 auth 收到登录请求
INFO 2026-06-19 11:25:58,273 auth 用户 王政君 登录成功
INFO 2026-06-19 11:25:58,555 basehttp "POST /login/ HTTP/1.1" 200 87
DEBUG 2026-06-19 11:25:58,563 middleware 请求路径: /index/
DEBUG 2026-06-19 11:25:58,563 middleware 请求方法: GET
DEBUG 2026-06-19 11:25:58,563 middleware 检查认证: /index/
DEBUG 2026-06-19 11:25:59,196 middleware 令牌验证成功: 用户 王政君
INFO 2026-06-19 11:25:59,196 pages 用户 王政君 访问首页
INFO 2026-06-19 11:25:59,244 pages 总共加载了 1 个主机
INFO 2026-06-19 11:25:59,247 basehttp "GET /index/ HTTP/1.1" 200 10186
INFO 2026-06-19 11:25:59,268 basehttp "GET /static/js/custom.js?v=2 HTTP/1.1" 304 0
DEBUG 2026-06-19 11:26:09,578 middleware 请求路径: /api/apply-permission/
DEBUG 2026-06-19 11:26:09,578 middleware 请求方法: POST
DEBUG 2026-06-19 11:26:09,578 middleware 检查认证: /api/apply-permission/
DEBUG 2026-06-19 11:26:10,120 middleware 令牌验证成功: 用户 王政君
DEBUG 2026-06-19 11:26:10,411 connectionpool Starting new HTTPS connection (1): oapi.dingtalk.com:443
DEBUG 2026-06-19 11:26:11,672 connectionpool https://oapi.dingtalk.com:443 "POST /robot/send?access_token=0294f6d81f1cf5c187f8c941c6c40e8e3de2c890ff17aac534980240d6dc4f58 HTTP/1.1" 200 None
DEBUG 2026-06-19 11:26:11,672 common 钉钉消息发送成功
INFO 2026-06-19 11:26:11,672 permission 权限申请已提交: 用户=王政君, 服务器=10.199.0.52, 时长=0.5小时
INFO 2026-06-19 11:26:11,673 basehttp "POST /api/apply-permission/ HTTP/1.1" 200 195
DEBUG 2026-06-19 11:26:18,496 middleware 请求路径: /api/verify-otp/
DEBUG 2026-06-19 11:26:18,496 middleware 请求方法: POST
DEBUG 2026-06-19 11:26:18,496 middleware 检查认证: /api/verify-otp/
DEBUG 2026-06-19 11:26:18,875 middleware 令牌验证成功: 用户 王政君
DEBUG 2026-06-19 11:26:18,875 permission 收到OTP验证请求: user=王政君, server_id=3
INFO 2026-06-19 11:26:18,973 permission 处理并发请求: server_id=3, duration=0.5小时, account=wzj, applicant=王政君
INFO 2026-06-19 11:26:19,624 permission 服务器 10.199.0.52 密码有效期已延长: 11:50 → 11:56, 申请人: 王政君
INFO 2026-06-19 11:26:20,079 permission OTP验证成功，返回服务器信息: user=王政君, server=10.199.0.52
INFO 2026-06-19 11:26:20,079 basehttp "POST /api/verify-otp/ HTTP/1.1" 200 445
DEBUG 2026-06-19 11:26:41,673 middleware 请求路径: /.well-known/appspecific/com.chrome.devtools.json
DEBUG 2026-06-19 11:26:41,673 middleware 请求方法: GET
DEBUG 2026-06-19 11:26:41,673 middleware 检查认证: /.well-known/appspecific/com.chrome.devtools.json
INFO 2026-06-19 11:26:41,837 basehttp "GET /static/css/bootstrap.min.css.map HTTP/1.1" 200 589698
INFO 2026-06-19 11:26:41,890 basehttp "GET /static/js/bootstrap.bundle.min.js.map HTTP/1.1" 200 332190
DEBUG 2026-06-19 11:26:42,602 middleware 令牌验证成功: 用户 王政君
WARNING 2026-06-19 11:26:42,607 log Not Found: /.well-known/appspecific/com.chrome.devtools.json
WARNING 2026-06-19 11:26:42,607 basehttp "GET /.well-known/appspecific/com.chrome.devtools.json HTTP/1.1" 404 9624
DEBUG 2026-06-19 11:29:20,885 middleware 请求路径: /index/
DEBUG 2026-06-19 11:29:20,886 middleware 请求方法: GET
DEBUG 2026-06-19 11:29:20,886 middleware 检查认证: /index/
DEBUG 2026-06-19 11:29:23,821 middleware 令牌验证成功: 用户 王政君
INFO 2026-06-19 11:29:23,821 pages 用户 王政君 访问首页
INFO 2026-06-19 11:29:23,884 pages 总共加载了 1 个主机
INFO 2026-06-19 11:29:23,885 basehttp "GET /index/ HTTP/1.1" 200 10186
INFO 2026-06-19 11:29:23,904 basehttp "GET /static/js/custom.js?v=2 HTTP/1.1" 304 0
DEBUG 2026-06-19 11:29:23,924 middleware 请求路径: /.well-known/appspecific/com.chrome.devtools.json
DEBUG 2026-06-19 11:29:23,924 middleware 请求方法: GET
DEBUG 2026-06-19 11:29:23,925 middleware 检查认证: /.well-known/appspecific/com.chrome.devtools.json
DEBUG 2026-06-19 11:29:24,671 middleware 令牌验证成功: 用户 王政君
WARNING 2026-06-19 11:29:24,674 log Not Found: /.well-known/appspecific/com.chrome.devtools.json
WARNING 2026-06-19 11:29:24,675 basehttp "GET /.well-known/appspecific/com.chrome.devtools.json HTTP/1.1" 404 9624
INFO 2026-06-19 11:32:56,248 apps TasksConfig.ready() 被调用
INFO 2026-06-19 11:32:56,248 apps 不是主进程，跳过后台任务启动
INFO 2026-06-19 11:32:56,529 apps TasksConfig.ready() 被调用
INFO 2026-06-19 11:32:56,529 apps RUN_BACKGROUND_TASKS 设置: True
INFO 2026-06-19 11:32:56,530 apps 正在启动后台任务...
INFO 2026-06-19 11:32:56,642 tasks 尝试启动后台任务线程
INFO 2026-06-19 11:32:56,644 tasks 后台任务线程已启动，线程名: PasswordCheckThread
INFO 2026-06-19 11:32:56,644 apps 后台任务启动函数已调用
INFO 2026-06-19 11:32:56,652 autoreload Watching for file changes with StatReloader
DEBUG 2026-06-19 11:33:04,369 middleware 请求路径: /index/
DEBUG 2026-06-19 11:33:04,370 middleware 请求方法: GET
DEBUG 2026-06-19 11:33:04,370 middleware 检查认证: /index/
WARNING 2026-06-19 11:33:04,370 middleware 未找到访问令牌: /index/
INFO 2026-06-19 11:33:04,372 basehttp "GET /index/ HTTP/1.1" 302 0
DEBUG 2026-06-19 11:33:04,374 middleware 请求路径: /login/
DEBUG 2026-06-19 11:33:04,375 middleware 请求方法: GET
DEBUG 2026-06-19 11:33:04,375 middleware 公共路径: /login/ - 跳过认证
DEBUG 2026-06-19 11:33:04,375 auth 收到登录请求
INFO 2026-06-19 11:33:04,380 basehttp "GET /login/ HTTP/1.1" 200 3702
INFO 2026-06-19 11:33:04,526 basehttp "GET /static/css/bootstrap.min.css HTTP/1.1" 200 232018
INFO 2026-06-19 11:33:04,528 basehttp "GET /static/js/custom.js?v=3 HTTP/1.1" 200 61630
INFO 2026-06-19 11:33:04,528 basehttp "GET /static/css/all.min.css HTTP/1.1" 200 73890
INFO 2026-06-19 11:33:04,530 basehttp "GET /static/js/login.js HTTP/1.1" 200 3375
INFO 2026-06-19 11:33:04,534 basehttp "GET /static/css/custom.css HTTP/1.1" 200 15646
INFO 2026-06-19 11:33:04,549 basehttp "GET /static/css/login.css HTTP/1.1" 200 100
INFO 2026-06-19 11:33:04,552 basehttp "GET /static/js/jquery-3.7.1.min.js HTTP/1.1" 200 105295
INFO 2026-06-19 11:33:04,555 basehttp "GET /static/js/bootstrap.bundle.min.js HTTP/1.1" 200 80821
INFO 2026-06-19 11:33:04,579 basehttp "GET /static/webfonts/fa-solid-900.woff2 HTTP/1.1" 200 158220
DEBUG 2026-06-19 11:33:04,588 middleware 请求路径: /api/available_servers/
DEBUG 2026-06-19 11:33:04,589 middleware 请求方法: GET
DEBUG 2026-06-19 11:33:04,589 middleware 检查认证: /api/available_servers/
WARNING 2026-06-19 11:33:04,589 middleware 未找到访问令牌: /api/available_servers/
WARNING 2026-06-19 11:33:04,590 log Unauthorized: /api/available_servers/
WARNING 2026-06-19 11:33:04,591 basehttp "GET /api/available_servers/ HTTP/1.1" 401 76
DEBUG 2026-06-19 11:33:10,515 middleware 请求路径: /login/
DEBUG 2026-06-19 11:33:10,516 middleware 请求方法: POST
DEBUG 2026-06-19 11:33:10,516 middleware 公共路径: /login/ - 跳过认证
DEBUG 2026-06-19 11:33:10,516 auth 收到登录请求
INFO 2026-06-19 11:33:12,692 auth 用户 王政君 登录成功
INFO 2026-06-19 11:33:12,934 basehttp "POST /login/ HTTP/1.1" 200 87
DEBUG 2026-06-19 11:33:12,942 middleware 请求路径: /index/
DEBUG 2026-06-19 11:33:12,942 middleware 请求方法: GET
DEBUG 2026-06-19 11:33:12,943 middleware 检查认证: /index/
DEBUG 2026-06-19 11:33:13,878 middleware 令牌验证成功: 用户 王政君
INFO 2026-06-19 11:33:13,879 pages 用户 王政君 访问首页
INFO 2026-06-19 11:33:13,932 pages 总共加载了 1 个主机
INFO 2026-06-19 11:33:13,935 basehttp "GET /index/ HTTP/1.1" 200 10186
INFO 2026-06-19 11:33:13,956 basehttp "GET /static/js/custom.js?v=3 HTTP/1.1" 304 0
DEBUG 2026-06-19 11:33:19,984 middleware 请求路径: /api/apply-permission/
DEBUG 2026-06-19 11:33:19,984 middleware 请求方法: POST
DEBUG 2026-06-19 11:33:19,985 middleware 检查认证: /api/apply-permission/
DEBUG 2026-06-19 11:33:20,447 middleware 令牌验证成功: 用户 王政君
DEBUG 2026-06-19 11:33:21,218 connectionpool Starting new HTTPS connection (1): oapi.dingtalk.com:443
DEBUG 2026-06-19 11:33:23,231 connectionpool https://oapi.dingtalk.com:443 "POST /robot/send?access_token=0294f6d81f1cf5c187f8c941c6c40e8e3de2c890ff17aac534980240d6dc4f58 HTTP/1.1" 200 None
DEBUG 2026-06-19 11:33:23,232 common 钉钉消息发送成功
INFO 2026-06-19 11:33:23,232 permission 权限申请已提交: 用户=王政君, 服务器=10.199.0.52, 时长=0.5小时
INFO 2026-06-19 11:33:23,232 basehttp "POST /api/apply-permission/ HTTP/1.1" 200 195
DEBUG 2026-06-19 11:33:29,201 middleware 请求路径: /api/verify-otp/
DEBUG 2026-06-19 11:33:29,201 middleware 请求方法: POST
DEBUG 2026-06-19 11:33:29,201 middleware 检查认证: /api/verify-otp/
DEBUG 2026-06-19 11:33:29,869 middleware 令牌验证成功: 用户 王政君
DEBUG 2026-06-19 11:33:29,869 permission 收到OTP验证请求: user=王政君, server_id=3
INFO 2026-06-19 11:33:29,975 permission 处理并发请求: server_id=3, duration=0.5小时, account=wzj, applicant=王政君
INFO 2026-06-19 11:33:30,392 permission 服务器 10.199.0.52 密码有效期已延长: 11:56 → 12:03, 申请人: 王政君
INFO 2026-06-19 11:33:30,614 permission OTP验证成功，返回服务器信息: user=王政君, server=10.199.0.52
INFO 2026-06-19 11:33:30,614 basehttp "POST /api/verify-otp/ HTTP/1.1" 200 445
INFO 2026-06-19 11:36:02,754 apps TasksConfig.ready() 被调用
INFO 2026-06-19 11:36:02,754 apps 不是主进程，跳过后台任务启动
INFO 2026-06-19 11:36:03,039 apps TasksConfig.ready() 被调用
INFO 2026-06-19 11:36:03,039 apps RUN_BACKGROUND_TASKS 设置: True
INFO 2026-06-19 11:36:03,039 apps 正在启动后台任务...
INFO 2026-06-19 11:36:03,143 tasks 尝试启动后台任务线程
INFO 2026-06-19 11:36:03,145 tasks 后台任务线程已启动，线程名: PasswordCheckThread
INFO 2026-06-19 11:36:03,145 apps 后台任务启动函数已调用
INFO 2026-06-19 11:36:03,150 autoreload Watching for file changes with StatReloader
DEBUG 2026-06-19 11:36:29,511 middleware 请求路径: /index/
DEBUG 2026-06-19 11:36:29,511 middleware 请求方法: GET
DEBUG 2026-06-19 11:36:29,511 middleware 检查认证: /index/
WARNING 2026-06-19 11:36:29,512 middleware 未找到访问令牌: /index/
INFO 2026-06-19 11:36:29,514 basehttp "GET /index/ HTTP/1.1" 302 0
DEBUG 2026-06-19 11:36:29,518 middleware 请求路径: /login/
DEBUG 2026-06-19 11:36:29,519 middleware 请求方法: GET
DEBUG 2026-06-19 11:36:29,519 middleware 公共路径: /login/ - 跳过认证
DEBUG 2026-06-19 11:36:29,519 auth 收到登录请求
INFO 2026-06-19 11:36:29,524 basehttp "GET /login/ HTTP/1.1" 200 3702
INFO 2026-06-19 11:36:29,688 basehttp "GET /static/css/custom.css HTTP/1.1" 200 15646
INFO 2026-06-19 11:36:29,690 basehttp "GET /static/js/custom.js?v=4 HTTP/1.1" 200 61624
INFO 2026-06-19 11:36:29,691 basehttp "GET /static/css/all.min.css HTTP/1.1" 200 73890
INFO 2026-06-19 11:36:29,692 basehttp "GET /static/js/login.js HTTP/1.1" 200 3375
INFO 2026-06-19 11:36:29,692 basehttp "GET /static/css/login.css HTTP/1.1" 200 100
INFO 2026-06-19 11:36:29,696 basehttp "GET /static/css/bootstrap.min.css HTTP/1.1" 200 232018
INFO 2026-06-19 11:36:29,714 basehttp "GET /static/js/bootstrap.bundle.min.js HTTP/1.1" 200 80821
INFO 2026-06-19 11:36:29,714 basehttp "GET /static/js/jquery-3.7.1.min.js HTTP/1.1" 200 105295
INFO 2026-06-19 11:36:29,729 basehttp "GET /static/webfonts/fa-solid-900.woff2 HTTP/1.1" 200 158220
DEBUG 2026-06-19 11:36:29,738 middleware 请求路径: /api/available_servers/
DEBUG 2026-06-19 11:36:29,738 middleware 请求方法: GET
DEBUG 2026-06-19 11:36:29,739 middleware 检查认证: /api/available_servers/
WARNING 2026-06-19 11:36:29,739 middleware 未找到访问令牌: /api/available_servers/
WARNING 2026-06-19 11:36:29,740 log Unauthorized: /api/available_servers/
WARNING 2026-06-19 11:36:29,740 basehttp "GET /api/available_servers/ HTTP/1.1" 401 76
DEBUG 2026-06-19 11:36:36,145 middleware 请求路径: /login/
DEBUG 2026-06-19 11:36:36,145 middleware 请求方法: POST
DEBUG 2026-06-19 11:36:36,146 middleware 公共路径: /login/ - 跳过认证
DEBUG 2026-06-19 11:36:36,146 auth 收到登录请求
INFO 2026-06-19 11:36:38,111 auth 用户 王政君 登录成功
INFO 2026-06-19 11:36:38,370 basehttp "POST /login/ HTTP/1.1" 200 87
DEBUG 2026-06-19 11:36:38,378 middleware 请求路径: /index/
DEBUG 2026-06-19 11:36:38,378 middleware 请求方法: GET
DEBUG 2026-06-19 11:36:38,378 middleware 检查认证: /index/
DEBUG 2026-06-19 11:36:39,103 middleware 令牌验证成功: 用户 王政君
INFO 2026-06-19 11:36:39,103 pages 用户 王政君 访问首页
INFO 2026-06-19 11:36:39,156 pages 总共加载了 1 个主机
INFO 2026-06-19 11:36:39,159 basehttp "GET /index/ HTTP/1.1" 200 10186
INFO 2026-06-19 11:36:39,177 basehttp "GET /static/js/custom.js?v=4 HTTP/1.1" 304 0
DEBUG 2026-06-19 11:36:46,500 middleware 请求路径: /api/apply-permission/
DEBUG 2026-06-19 11:36:46,501 middleware 请求方法: POST
DEBUG 2026-06-19 11:36:46,501 middleware 检查认证: /api/apply-permission/
DEBUG 2026-06-19 11:36:47,798 middleware 令牌验证成功: 用户 王政君
DEBUG 2026-06-19 11:36:48,070 connectionpool Starting new HTTPS connection (1): oapi.dingtalk.com:443
DEBUG 2026-06-19 11:36:48,651 connectionpool https://oapi.dingtalk.com:443 "POST /robot/send?access_token=0294f6d81f1cf5c187f8c941c6c40e8e3de2c890ff17aac534980240d6dc4f58 HTTP/1.1" 200 None
DEBUG 2026-06-19 11:36:48,652 common 钉钉消息发送成功
INFO 2026-06-19 11:36:48,652 permission 权限申请已提交: 用户=王政君, 服务器=10.199.0.52, 时长=0.5小时
INFO 2026-06-19 11:36:48,652 basehttp "POST /api/apply-permission/ HTTP/1.1" 200 195
DEBUG 2026-06-19 11:36:58,284 middleware 请求路径: /api/verify-otp/
DEBUG 2026-06-19 11:36:58,285 middleware 请求方法: POST
DEBUG 2026-06-19 11:36:58,285 middleware 检查认证: /api/verify-otp/
DEBUG 2026-06-19 11:36:58,750 middleware 令牌验证成功: 用户 王政君
DEBUG 2026-06-19 11:36:58,751 permission 收到OTP验证请求: user=王政君, server_id=3
INFO 2026-06-19 11:36:58,856 permission 处理并发请求: server_id=3, duration=0.5小时, account=wzj, applicant=王政君
INFO 2026-06-19 11:36:59,015 permission 服务器 10.199.0.52 密码有效期已延长: 12:03 → 12:06, 申请人: 王政君
INFO 2026-06-19 11:36:59,853 permission OTP验证成功，返回服务器信息: user=王政君, server=10.199.0.52
INFO 2026-06-19 11:36:59,854 basehttp "POST /api/verify-otp/ HTTP/1.1" 200 445
DEBUG 2026-06-19 11:37:12,790 middleware 请求路径: /index/
DEBUG 2026-06-19 11:37:12,790 middleware 请求方法: GET
DEBUG 2026-06-19 11:37:12,790 middleware 检查认证: /index/
DEBUG 2026-06-19 11:37:13,841 middleware 令牌验证成功: 用户 王政君
INFO 2026-06-19 11:37:13,842 pages 用户 王政君 访问首页
INFO 2026-06-19 11:37:13,903 pages 总共加载了 1 个主机
INFO 2026-06-19 11:37:13,904 basehttp "GET /index/ HTTP/1.1" 200 10186
INFO 2026-06-19 11:37:13,923 basehttp "GET /static/js/custom.js?v=4 HTTP/1.1" 304 0
INFO 2026-06-19 11:50:05,009 autoreload C:\Users\98110\AppData\Local\Python\pythoncore-3.14-64\Lib\site-packages\bcrypt\__init__.py changed, reloading.
INFO 2026-06-19 11:50:05,506 tasks 尝试启动后台任务线程
INFO 2026-06-19 11:50:05,508 tasks 后台任务线程已启动，线程名: PasswordCheckThread
INFO 2026-06-19 11:50:05,508 apps 后台任务启动函数已调用
INFO 2026-06-19 11:50:05,514 autoreload Watching for file changes with StatReloader
INFO 2026-06-19 12:10:07,542 permission 开始检查服务器密码过期情况
DEBUG 2026-06-19 12:10:07,593 server 尝试连接服务器 10.199.0.52:22
DEBUG 2026-06-19 12:10:07,594 transport starting thread (client mode): 0x627ade80
DEBUG 2026-06-19 12:10:07,595 transport Local version/idstring: SSH-2.0-paramiko_4.0.0
DEBUG 2026-06-19 12:10:07,770 transport Remote version/idstring: SSH-2.0-OpenSSH_7.4
INFO 2026-06-19 12:10:07,771 transport Connected (version 2.0, client OpenSSH_7.4)
DEBUG 2026-06-19 12:10:07,771 transport === Key exchange possibilities ===
DEBUG 2026-06-19 12:10:07,772 transport kex algos: curve25519-sha256, curve25519-sha256@libssh.org, ecdh-sha2-nistp256, ecdh-sha2-nistp384, ecdh-sha2-nistp521, diffie-hellman-group-exchange-sha256, diffie-hellman-group16-sha512, diffie-hellman-group18-sha512, diffie-hellman-group-exchange-sha1, diffie-hellman-group14-sha256, diffie-hellman-group14-sha1, diffie-hellman-group1-sha1
DEBUG 2026-06-19 12:10:07,772 transport server key: ssh-rsa, rsa-sha2-512, rsa-sha2-256, ecdsa-sha2-nistp256, ssh-ed25519
DEBUG 2026-06-19 12:10:07,772 transport client encrypt: chacha20-poly1305@openssh.com, aes128-ctr, aes192-ctr, aes256-ctr, aes128-gcm@openssh.com, aes256-gcm@openssh.com, aes128-cbc, aes192-cbc, aes256-cbc, blowfish-cbc, cast128-cbc, 3des-cbc
DEBUG 2026-06-19 12:10:07,772 transport server encrypt: chacha20-poly1305@openssh.com, aes128-ctr, aes192-ctr, aes256-ctr, aes128-gcm@openssh.com, aes256-gcm@openssh.com, aes128-cbc, aes192-cbc, aes256-cbc, blowfish-cbc, cast128-cbc, 3des-cbc
DEBUG 2026-06-19 12:10:07,772 transport client mac: umac-64-etm@openssh.com, umac-128-etm@openssh.com, hmac-sha2-256-etm@openssh.com, hmac-sha2-512-etm@openssh.com, hmac-sha1-etm@openssh.com, umac-64@openssh.com, umac-128@openssh.com, hmac-sha2-256, hmac-sha2-512, hmac-sha1
DEBUG 2026-06-19 12:10:07,772 transport server mac: umac-64-etm@openssh.com, umac-128-etm@openssh.com, hmac-sha2-256-etm@openssh.com, hmac-sha2-512-etm@openssh.com, hmac-sha1-etm@openssh.com, umac-64@openssh.com, umac-128@openssh.com, hmac-sha2-256, hmac-sha2-512, hmac-sha1
DEBUG 2026-06-19 12:10:07,772 transport client compress: none, zlib@openssh.com
DEBUG 2026-06-19 12:10:07,772 transport server compress: none, zlib@openssh.com
DEBUG 2026-06-19 12:10:07,773 transport client lang: <none>
DEBUG 2026-06-19 12:10:07,773 transport server lang: <none>
DEBUG 2026-06-19 12:10:07,773 transport kex follows: False
DEBUG 2026-06-19 12:10:07,773 transport === Key exchange agreements ===
DEBUG 2026-06-19 12:10:07,773 transport Kex: curve25519-sha256@libssh.org
DEBUG 2026-06-19 12:10:07,773 transport HostKey: ssh-ed25519
DEBUG 2026-06-19 12:10:07,773 transport Cipher: aes128-ctr
DEBUG 2026-06-19 12:10:07,773 transport MAC: hmac-sha2-256
DEBUG 2026-06-19 12:10:07,773 transport Compression: none
DEBUG 2026-06-19 12:10:07,773 transport === End of kex handshake ===
DEBUG 2026-06-19 12:10:07,836 transport kex engine KexCurve25519 specified hash_algo <built-in function openssl_sha256>
DEBUG 2026-06-19 12:10:07,837 transport Switch to new keys ...
DEBUG 2026-06-19 12:10:07,837 transport Adding ssh-ed25519 host key for 10.199.0.52: b'e6e0f1ef6dcfa2d4cdb60dae4baf0fd8'
DEBUG 2026-06-19 12:10:07,837 transport Got EXT_INFO: {'server-sig-algs': b'rsa-sha2-256,rsa-sha2-512'}
DEBUG 2026-06-19 12:10:07,892 transport userauth is OK
INFO 2026-06-19 12:10:07,986 transport Authentication (password) successful!
INFO 2026-06-19 12:10:07,986 server 成功连接到服务器 10.199.0.52
DEBUG 2026-06-19 12:10:07,987 server 执行密码更新命令，目标服务器: 10.199.0.52
DEBUG 2026-06-19 12:10:07,987 channel [chan 0] Max packet in: 32768 bytes
DEBUG 2026-06-19 12:10:07,995 transport Received global request "hostkeys-00@openssh.com"
DEBUG 2026-06-19 12:10:07,996 transport Rejecting "hostkeys-00@openssh.com" global request from server.
DEBUG 2026-06-19 12:10:08,040 channel [chan 0] Max packet out: 32768 bytes
DEBUG 2026-06-19 12:10:08,041 transport Secsh channel 0 opened.
DEBUG 2026-06-19 12:10:08,095 channel [chan 0] Sesch channel 0 request ok
DEBUG 2026-06-19 12:10:08,095 channel [chan 0] EOF sent (0)
DEBUG 2026-06-19 12:10:08,437 channel [chan 0] EOF received (0)
DEBUG 2026-06-19 12:10:08,438 transport EOF in transport thread
INFO 2026-06-19 12:10:08,438 server 服务器 10.199.0.52 密码更新成功
INFO 2026-06-19 12:10:08,492 permission 服务器 10.199.0.52 的权限申请密码已过期并更新成功
INFO 2026-06-19 12:10:08,540 permission 过期密码检查完成，共更新 1 个服务器
INFO 2026-06-19 12:10:08,540 tasks 后台任务执行完成，共更新了 1 个服务器的密码
INFO 2026-06-20 22:56:15,724 apps TasksConfig.ready() 被调用
INFO 2026-06-20 22:56:15,725 apps 不是主进程，跳过后台任务启动
INFO 2026-06-20 22:56:16,145 apps TasksConfig.ready() 被调用
INFO 2026-06-20 22:56:16,146 apps RUN_BACKGROUND_TASKS 设置: True
INFO 2026-06-20 22:56:16,146 apps 正在启动后台任务...
INFO 2026-06-20 22:56:17,734 tasks 尝试启动后台任务线程
INFO 2026-06-20 22:56:17,736 tasks 后台任务线程已启动，线程名: PasswordCheckThread
INFO 2026-06-20 22:56:17,736 apps 后台任务启动函数已调用
INFO 2026-06-20 22:56:17,742 autoreload Watching for file changes with StatReloader
ERROR 2026-06-20 22:56:18,113 permission 检查过期密码时出错: (1045, "Access denied for user 'root'@'10.231.14.92' (using password: YES)")
Traceback (most recent call last):
  File "D:\SynologyDrive\个人文件\pycode\server_management\.venv\Lib\site-packages\django\db\backends\base\base.py", line 279, in ensure_connection
    self.connect()
    ~~~~~~~~~~~~^^
  File "D:\SynologyDrive\个人文件\pycode\server_management\.venv\Lib\site-packages\django\utils\asyncio.py", line 26, in inner
    return func(*args, **kwargs)
  File "D:\SynologyDrive\个人文件\pycode\server_management\.venv\Lib\site-packages\django\db\backends\base\base.py", line 256, in connect
    self.connection = self.get_new_connection(conn_params)
                      ~~~~~~~~~~~~~~~~~~~~~~~^^^^^^^^^^^^^
  File "D:\SynologyDrive\个人文件\pycode\server_management\.venv\Lib\site-packages\django\utils\asyncio.py", line 26, in inner
    return func(*args, **kwargs)
  File "D:\SynologyDrive\个人文件\pycode\server_management\.venv\Lib\site-packages\django\db\backends\mysql\base.py", line 256, in get_new_connection
    connection = Database.connect(**conn_params)
  File "D:\SynologyDrive\个人文件\pycode\server_management\.venv\Lib\site-packages\MySQLdb\__init__.py", line 121, in Connect
    return Connection(*args, **kwargs)
  File "D:\SynologyDrive\个人文件\pycode\server_management\.venv\Lib\site-packages\MySQLdb\connections.py", line 200, in __init__
    super().__init__(*args, **kwargs2)
    ~~~~~~~~~~~~~~~~^^^^^^^^^^^^^^^^^^
MySQLdb.OperationalError: (1045, "Access denied for user 'root'@'10.231.14.92' (using password: YES)")

The above exception was the direct cause of the following exception:

Traceback (most recent call last):
  File "D:\SynologyDrive\个人文件\pycode\server_management\app01\views\permission.py", line 126, in check_expired_passwords
    if expired_servers.exists() or auto_expired_servers.exists():
       ~~~~~~~~~~~~~~~~~~~~~~^^
  File "D:\SynologyDrive\个人文件\pycode\server_management\.venv\Lib\site-packages\django\db\models\query.py", line 1296, in exists
    return self.query.has_results(using=self.db)
           ~~~~~~~~~~~~~~~~~~~~~~^^^^^^^^^^^^^^^
  File "D:\SynologyDrive\个人文件\pycode\server_management\.venv\Lib\site-packages\django\db\models\sql\query.py", line 674, in has_results
    return compiler.has_results()
           ~~~~~~~~~~~~~~~~~~~~^^
  File "D:\SynologyDrive\个人文件\pycode\server_management\.venv\Lib\site-packages\django\db\models\sql\compiler.py", line 1591, in has_results
    return bool(self.execute_sql(SINGLE))
                ~~~~~~~~~~~~~~~~^^^^^^^^
  File "D:\SynologyDrive\个人文件\pycode\server_management\.venv\Lib\site-packages\django\db\models\sql\compiler.py", line 1621, in execute_sql
    cursor = self.connection.cursor()
  File "D:\SynologyDrive\个人文件\pycode\server_management\.venv\Lib\site-packages\django\utils\asyncio.py", line 26, in inner
    return func(*args, **kwargs)
  File "D:\SynologyDrive\个人文件\pycode\server_management\.venv\Lib\site-packages\django\db\backends\base\base.py", line 320, in cursor
    return self._cursor()
           ~~~~~~~~~~~~^^
  File "D:\SynologyDrive\个人文件\pycode\server_management\.venv\Lib\site-packages\django\db\backends\base\base.py", line 296, in _cursor
    self.ensure_connection()
    ~~~~~~~~~~~~~~~~~~~~~~^^
  File "D:\SynologyDrive\个人文件\pycode\server_management\.venv\Lib\site-packages\django\utils\asyncio.py", line 26, in inner
    return func(*args, **kwargs)
  File "D:\SynologyDrive\个人文件\pycode\server_management\.venv\Lib\site-packages\django\db\backends\base\base.py", line 278, in ensure_connection
    with self.wrap_database_errors:
         ^^^^^^^^^^^^^^^^^^^^^^^^^
  File "D:\SynologyDrive\个人文件\pycode\server_management\.venv\Lib\site-packages\django\db\utils.py", line 91, in __exit__
    raise dj_exc_value.with_traceback(traceback) from exc_value
  File "D:\SynologyDrive\个人文件\pycode\server_management\.venv\Lib\site-packages\django\db\backends\base\base.py", line 279, in ensure_connection
    self.connect()
    ~~~~~~~~~~~~^^
  File "D:\SynologyDrive\个人文件\pycode\server_management\.venv\Lib\site-packages\django\utils\asyncio.py", line 26, in inner
    return func(*args, **kwargs)
  File "D:\SynologyDrive\个人文件\pycode\server_management\.venv\Lib\site-packages\django\db\backends\base\base.py", line 256, in connect
    self.connection = self.get_new_connection(conn_params)
                      ~~~~~~~~~~~~~~~~~~~~~~~^^^^^^^^^^^^^
  File "D:\SynologyDrive\个人文件\pycode\server_management\.venv\Lib\site-packages\django\utils\asyncio.py", line 26, in inner
    return func(*args, **kwargs)
  File "D:\SynologyDrive\个人文件\pycode\server_management\.venv\Lib\site-packages\django\db\backends\mysql\base.py", line 256, in get_new_connection
    connection = Database.connect(**conn_params)
  File "D:\SynologyDrive\个人文件\pycode\server_management\.venv\Lib\site-packages\MySQLdb\__init__.py", line 121, in Connect
    return Connection(*args, **kwargs)
  File "D:\SynologyDrive\个人文件\pycode\server_management\.venv\Lib\site-packages\MySQLdb\connections.py", line 200, in __init__
    super().__init__(*args, **kwargs2)
    ~~~~~~~~~~~~~~~~^^^^^^^^^^^^^^^^^^
django.db.utils.OperationalError: (1045, "Access denied for user 'root'@'10.231.14.92' (using password: YES)")
INFO 2026-06-20 22:58:26,018 apps TasksConfig.ready() 被调用
INFO 2026-06-20 22:58:26,019 apps 不是主进程，跳过后台任务启动
INFO 2026-06-20 22:58:26,404 apps TasksConfig.ready() 被调用
INFO 2026-06-20 22:58:26,405 apps RUN_BACKGROUND_TASKS 设置: True
INFO 2026-06-20 22:58:26,405 apps 正在启动后台任务...
INFO 2026-06-20 22:58:27,116 tasks 尝试启动后台任务线程
INFO 2026-06-20 22:58:27,118 tasks 后台任务线程已启动，线程名: PasswordCheckThread
INFO 2026-06-20 22:58:27,119 apps 后台任务启动函数已调用
INFO 2026-06-20 22:58:27,126 autoreload Watching for file changes with StatReloader
DEBUG 2026-06-20 22:58:37,731 middleware 请求路径: /
DEBUG 2026-06-20 22:58:37,732 middleware 请求方法: GET
DEBUG 2026-06-20 22:58:37,732 middleware 检查认证: /
WARNING 2026-06-20 22:58:37,732 middleware 未找到访问令牌: /
INFO 2026-06-20 22:58:37,735 basehttp "GET / HTTP/1.1" 302 0
DEBUG 2026-06-20 22:58:37,746 middleware 请求路径: /login/
DEBUG 2026-06-20 22:58:37,746 middleware 请求方法: GET
DEBUG 2026-06-20 22:58:37,746 middleware 公共路径: /login/ - 跳过认证
DEBUG 2026-06-20 22:58:37,747 auth 收到登录请求
INFO 2026-06-20 22:58:37,766 basehttp "GET /login/ HTTP/1.1" 200 3763
INFO 2026-06-20 22:58:37,981 basehttp "GET /static/css/bootstrap.min.css HTTP/1.1" 200 232018
INFO 2026-06-20 22:58:37,991 basehttp "GET /static/css/all.min.css HTTP/1.1" 200 73890
INFO 2026-06-20 22:58:37,995 basehttp "GET /static/js/custom.js?v=4 HTTP/1.1" 200 61624
INFO 2026-06-20 22:58:37,998 basehttp "GET /static/js/login.js HTTP/1.1" 200 3375
INFO 2026-06-20 22:58:37,999 basehttp "GET /static/js/jquery-3.7.1.min.js HTTP/1.1" 200 105295
INFO 2026-06-20 22:58:38,001 basehttp "GET /static/css/custom.css HTTP/1.1" 200 16410
INFO 2026-06-20 22:58:38,005 basehttp "GET /static/css/login.css HTTP/1.1" 200 100
INFO 2026-06-20 22:58:38,007 basehttp "GET /static/js/bootstrap.bundle.min.js HTTP/1.1" 200 80821
INFO 2026-06-20 22:58:38,339 basehttp "GET /static/webfonts/fa-solid-900.woff2 HTTP/1.1" 200 158220
DEBUG 2026-06-20 22:58:38,351 middleware 请求路径: /api/available_servers/
DEBUG 2026-06-20 22:58:38,351 middleware 请求方法: GET
DEBUG 2026-06-20 22:58:38,351 middleware 检查认证: /api/available_servers/
WARNING 2026-06-20 22:58:38,351 middleware 未找到访问令牌: /api/available_servers/
WARNING 2026-06-20 22:58:38,356 log Unauthorized: /api/available_servers/
WARNING 2026-06-20 22:58:38,357 basehttp "GET /api/available_servers/ HTTP/1.1" 401 76
DEBUG 2026-06-20 22:58:38,422 middleware 请求路径: /favicon.ico
DEBUG 2026-06-20 22:58:38,422 middleware 请求方法: GET
DEBUG 2026-06-20 22:58:38,422 middleware 公共路径: /favicon.ico - 跳过认证
WARNING 2026-06-20 22:58:38,427 log Not Found: /favicon.ico
WARNING 2026-06-20 22:58:38,428 basehttp "GET /favicon.ico HTTP/1.1" 404 9513
DEBUG 2026-06-20 22:58:42,609 middleware 请求路径: /register/
DEBUG 2026-06-20 22:58:42,609 middleware 请求方法: GET
DEBUG 2026-06-20 22:58:42,609 middleware 公共路径: /register/ - 跳过认证
DEBUG 2026-06-20 22:58:42,609 auth 收到注册请求，方法: GET
INFO 2026-06-20 22:58:42,611 basehttp "GET /register/ HTTP/1.1" 200 4997
INFO 2026-06-20 22:58:42,658 basehttp "GET /static/css/register.css HTTP/1.1" 200 57
INFO 2026-06-20 22:58:42,658 basehttp "GET /static/js/register.js?v=2 HTTP/1.1" 200 5091
DEBUG 2026-06-20 22:58:42,728 middleware 请求路径: /api/available_servers/
DEBUG 2026-06-20 22:58:42,729 middleware 请求方法: GET
DEBUG 2026-06-20 22:58:42,729 middleware 检查认证: /api/available_servers/
WARNING 2026-06-20 22:58:42,729 middleware 未找到访问令牌: /api/available_servers/
WARNING 2026-06-20 22:58:42,729 log Unauthorized: /api/available_servers/
WARNING 2026-06-20 22:58:42,730 basehttp "GET /api/available_servers/ HTTP/1.1" 401 76
DEBUG 2026-06-20 22:58:46,300 middleware 请求路径: /login/
DEBUG 2026-06-20 22:58:46,300 middleware 请求方法: GET
DEBUG 2026-06-20 22:58:46,300 middleware 公共路径: /login/ - 跳过认证
DEBUG 2026-06-20 22:58:46,300 auth 收到登录请求
INFO 2026-06-20 22:58:46,302 basehttp "GET /login/ HTTP/1.1" 200 3763
DEBUG 2026-06-20 22:58:46,402 middleware 请求路径: /api/available_servers/
DEBUG 2026-06-20 22:58:46,403 middleware 请求方法: GET
DEBUG 2026-06-20 22:58:46,403 middleware 检查认证: /api/available_servers/
WARNING 2026-06-20 22:58:46,403 middleware 未找到访问令牌: /api/available_servers/
WARNING 2026-06-20 22:58:46,403 log Unauthorized: /api/available_servers/
WARNING 2026-06-20 22:58:46,404 basehttp "GET /api/available_servers/ HTTP/1.1" 401 76
DEBUG 2026-06-20 22:58:52,648 middleware 请求路径: /login/
DEBUG 2026-06-20 22:58:52,649 middleware 请求方法: POST
DEBUG 2026-06-20 22:58:52,649 middleware 公共路径: /login/ - 跳过认证
DEBUG 2026-06-20 22:58:52,649 auth 收到登录请求
INFO 2026-06-20 22:58:55,202 auth 用户 王政君 登录成功
INFO 2026-06-20 22:58:55,529 basehttp "POST /login/ HTTP/1.1" 200 87
DEBUG 2026-06-20 22:58:55,545 middleware 请求路径: /index/
DEBUG 2026-06-20 22:58:55,545 middleware 请求方法: GET
DEBUG 2026-06-20 22:58:55,545 middleware 检查认证: /index/
DEBUG 2026-06-20 22:58:56,196 middleware 令牌验证成功: 用户 王政君
INFO 2026-06-20 22:58:56,197 pages 用户 王政君 访问首页
INFO 2026-06-20 22:58:56,261 pages 总共加载了 1 个主机
INFO 2026-06-20 22:58:56,269 basehttp "GET /index/ HTTP/1.1" 200 10331
DEBUG 2026-06-20 22:59:02,200 middleware 请求路径: /server_management/
DEBUG 2026-06-20 22:59:02,200 middleware 请求方法: GET
DEBUG 2026-06-20 22:59:02,200 middleware 检查认证: /server_management/
DEBUG 2026-06-20 22:59:03,059 middleware 令牌验证成功: 用户 王政君
INFO 2026-06-20 22:59:03,061 basehttp "GET /server_management/ HTTP/1.1" 200 8213
INFO 2026-06-20 22:59:03,106 basehttp "GET /static/css/server_management.css HTTP/1.1" 200 78
INFO 2026-06-20 22:59:03,107 basehttp "GET /static/js/server_management.js HTTP/1.1" 200 35960
DEBUG 2026-06-20 22:59:03,169 middleware 请求路径: /api/available_servers/
DEBUG 2026-06-20 22:59:03,169 middleware 请求方法: GET
DEBUG 2026-06-20 22:59:03,169 middleware 检查认证: /api/available_servers/
DEBUG 2026-06-20 22:59:03,173 middleware 请求路径: /server_management/
DEBUG 2026-06-20 22:59:03,173 middleware 请求方法: GET
DEBUG 2026-06-20 22:59:03,173 middleware 检查认证: /server_management/
DEBUG 2026-06-20 22:59:03,769 middleware 令牌验证成功: 用户 王政君
DEBUG 2026-06-20 22:59:03,954 middleware 令牌验证成功: 用户 王政君
INFO 2026-06-20 22:59:03,987 basehttp "GET /server_management/?page=1&page_size=10 HTTP/1.1" 200 319
INFO 2026-06-20 22:59:04,083 basehttp "GET /api/available_servers/ HTTP/1.1" 200 262
DEBUG 2026-06-20 22:59:19,854 middleware 请求路径: /api/decrypt_server_password/3/
DEBUG 2026-06-20 22:59:19,854 middleware 请求方法: POST
DEBUG 2026-06-20 22:59:19,854 middleware 检查认证: /api/decrypt_server_password/3/
DEBUG 2026-06-20 22:59:21,603 middleware 令牌验证成功: 用户 王政君
ERROR 2026-06-20 22:59:21,748 models 密码解密失败：Fernet 密钥不匹配，可能是 SECRET_KEY 变更导致，请检查配置
ERROR 2026-06-20 22:59:21,749 server 解密服务器 10.199.0.52 密码失败: 密码解密失败：密钥不匹配，请联系管理员检查系统配置
ERROR 2026-06-20 22:59:21,749 log Internal Server Error: /api/decrypt_server_password/3/
ERROR 2026-06-20 22:59:21,749 basehttp "POST /api/decrypt_server_password/3/ HTTP/1.1" 500 184
INFO 2026-06-22 08:46:46,524 apps TasksConfig.ready() 被调用
INFO 2026-06-22 08:46:46,525 apps 不是主进程，跳过后台任务启动
INFO 2026-06-22 08:46:46,920 apps TasksConfig.ready() 被调用
INFO 2026-06-22 08:46:46,921 apps RUN_BACKGROUND_TASKS 设置: True
INFO 2026-06-22 08:46:46,921 apps 正在启动后台任务...
INFO 2026-06-22 08:46:47,634 tasks 尝试启动后台任务线程
INFO 2026-06-22 08:46:47,643 tasks 后台任务线程已启动，线程名: PasswordCheckThread
INFO 2026-06-22 08:46:47,644 apps 后台任务启动函数已调用
INFO 2026-06-22 08:46:47,653 autoreload Watching for file changes with StatReloader
DEBUG 2026-06-22 08:47:03,437 middleware 请求路径: /
DEBUG 2026-06-22 08:47:03,438 middleware 请求方法: GET
DEBUG 2026-06-22 08:47:03,445 middleware 检查认证: /
WARNING 2026-06-22 08:47:03,446 middleware 未找到访问令牌: /
INFO 2026-06-22 08:47:03,450 basehttp "GET / HTTP/1.1" 302 0
DEBUG 2026-06-22 08:47:03,454 middleware 请求路径: /login/
DEBUG 2026-06-22 08:47:03,454 middleware 请求方法: GET
DEBUG 2026-06-22 08:47:03,455 middleware 公共路径: /login/ - 跳过认证
DEBUG 2026-06-22 08:47:03,455 auth 收到登录请求
INFO 2026-06-22 08:47:03,468 basehttp "GET /login/ HTTP/1.1" 200 3763
INFO 2026-06-22 08:47:03,656 basehttp "GET /static/css/custom.css HTTP/1.1" 200 16410
INFO 2026-06-22 08:47:03,657 basehttp "GET /static/css/bootstrap.min.css HTTP/1.1" 200 232018
INFO 2026-06-22 08:47:03,661 basehttp "GET /static/js/login.js HTTP/1.1" 200 3375
INFO 2026-06-22 08:47:03,662 basehttp "GET /static/js/custom.js?v=4 HTTP/1.1" 200 61624
INFO 2026-06-22 08:47:03,668 basehttp "GET /static/css/all.min.css HTTP/1.1" 200 73890
INFO 2026-06-22 08:47:03,675 basehttp "GET /static/js/bootstrap.bundle.min.js HTTP/1.1" 200 80821
INFO 2026-06-22 08:47:03,679 basehttp "GET /static/css/login.css HTTP/1.1" 200 100
INFO 2026-06-22 08:47:03,680 basehttp "GET /static/js/jquery-3.7.1.min.js HTTP/1.1" 200 105295
INFO 2026-06-22 08:47:03,724 basehttp "GET /static/webfonts/fa-solid-900.woff2 HTTP/1.1" 200 158220
DEBUG 2026-06-22 08:47:03,731 middleware 请求路径: /api/available_servers/
DEBUG 2026-06-22 08:47:03,731 middleware 请求方法: GET
DEBUG 2026-06-22 08:47:03,732 middleware 检查认证: /api/available_servers/
WARNING 2026-06-22 08:47:03,732 middleware 未找到访问令牌: /api/available_servers/
WARNING 2026-06-22 08:47:03,734 log Unauthorized: /api/available_servers/
WARNING 2026-06-22 08:47:03,735 basehttp "GET /api/available_servers/ HTTP/1.1" 401 76
DEBUG 2026-06-22 08:47:03,748 middleware 请求路径: /favicon.ico
DEBUG 2026-06-22 08:47:03,748 middleware 请求方法: GET
DEBUG 2026-06-22 08:47:03,749 middleware 公共路径: /favicon.ico - 跳过认证
WARNING 2026-06-22 08:47:03,755 log Not Found: /favicon.ico
WARNING 2026-06-22 08:47:03,755 basehttp "GET /favicon.ico HTTP/1.1" 404 9513
DEBUG 2026-06-22 08:47:09,238 middleware 请求路径: /login/
DEBUG 2026-06-22 08:47:09,238 middleware 请求方法: POST
DEBUG 2026-06-22 08:47:09,239 middleware 公共路径: /login/ - 跳过认证
DEBUG 2026-06-22 08:47:09,240 auth 收到登录请求
INFO 2026-06-22 08:47:11,487 auth 用户 王政君 登录成功
INFO 2026-06-22 08:47:11,782 basehttp "POST /login/ HTTP/1.1" 200 87
DEBUG 2026-06-22 08:47:11,795 middleware 请求路径: /index/
DEBUG 2026-06-22 08:47:11,795 middleware 请求方法: GET
DEBUG 2026-06-22 08:47:11,795 middleware 检查认证: /index/
DEBUG 2026-06-22 08:47:12,654 middleware 令牌验证成功: 用户 王政君
INFO 2026-06-22 08:47:12,655 pages 用户 王政君 访问首页
INFO 2026-06-22 08:47:12,724 pages 总共加载了 1 个主机
INFO 2026-06-22 08:47:12,730 basehttp "GET /index/ HTTP/1.1" 200 10331
ERROR 2026-06-22 09:06:49,815 permission 检查过期密码时出错: (2013, 'Lost connection to server during query')
Traceback (most recent call last):
  File "D:\SynologyDrive\个人文件\pycode\server_management\.venv\Lib\site-packages\django\db\backends\utils.py", line 105, in _execute
    return self.cursor.execute(sql, params)
           ~~~~~~~~~~~~~~~~~~~^^^^^^^^^^^^^
  File "D:\SynologyDrive\个人文件\pycode\server_management\.venv\Lib\site-packages\django\db\backends\mysql\base.py", line 76, in execute
    return self.cursor.execute(query, args)
           ~~~~~~~~~~~~~~~~~~~^^^^^^^^^^^^^
  File "D:\SynologyDrive\个人文件\pycode\server_management\.venv\Lib\site-packages\MySQLdb\cursors.py", line 179, in execute
    res = self._query(mogrified_query)
  File "D:\SynologyDrive\个人文件\pycode\server_management\.venv\Lib\site-packages\MySQLdb\cursors.py", line 330, in _query
    db.query(q)
    ~~~~~~~~^^^
  File "D:\SynologyDrive\个人文件\pycode\server_management\.venv\Lib\site-packages\MySQLdb\connections.py", line 280, in query
    _mysql.connection.query(self, query)
    ~~~~~~~~~~~~~~~~~~~~~~~^^^^^^^^^^^^^
MySQLdb.OperationalError: (2013, 'Lost connection to server during query')

The above exception was the direct cause of the following exception:

Traceback (most recent call last):
  File "D:\SynologyDrive\个人文件\pycode\server_management\app01\views\permission.py", line 126, in check_expired_passwords
    if expired_servers.exists() or auto_expired_servers.exists():
       ~~~~~~~~~~~~~~~~~~~~~~^^
  File "D:\SynologyDrive\个人文件\pycode\server_management\.venv\Lib\site-packages\django\db\models\query.py", line 1296, in exists
    return self.query.has_results(using=self.db)
           ~~~~~~~~~~~~~~~~~~~~~~^^^^^^^^^^^^^^^
  File "D:\SynologyDrive\个人文件\pycode\server_management\.venv\Lib\site-packages\django\db\models\sql\query.py", line 674, in has_results
    return compiler.has_results()
           ~~~~~~~~~~~~~~~~~~~~^^
  File "D:\SynologyDrive\个人文件\pycode\server_management\.venv\Lib\site-packages\django\db\models\sql\compiler.py", line 1591, in has_results
    return bool(self.execute_sql(SINGLE))
                ~~~~~~~~~~~~~~~~^^^^^^^^
  File "D:\SynologyDrive\个人文件\pycode\server_management\.venv\Lib\site-packages\django\db\models\sql\compiler.py", line 1623, in execute_sql
    cursor.execute(sql, params)
    ~~~~~~~~~~~~~~^^^^^^^^^^^^^
  File "D:\SynologyDrive\个人文件\pycode\server_management\.venv\Lib\site-packages\django\db\backends\utils.py", line 122, in execute
    return super().execute(sql, params)
           ~~~~~~~~~~~~~~~^^^^^^^^^^^^^
  File "D:\SynologyDrive\个人文件\pycode\server_management\.venv\Lib\site-packages\django\db\backends\utils.py", line 79, in execute
    return self._execute_with_wrappers(
           ~~~~~~~~~~~~~~~~~~~~~~~~~~~^
        sql, params, many=False, executor=self._execute
        ^^^^^^^^^^^^^^^^^^^^^^^^^^^^^^^^^^^^^^^^^^^^^^^
    )
    ^
  File "D:\SynologyDrive\个人文件\pycode\server_management\.venv\Lib\site-packages\django\db\backends\utils.py", line 92, in _execute_with_wrappers
    return executor(sql, params, many, context)
  File "D:\SynologyDrive\个人文件\pycode\server_management\.venv\Lib\site-packages\django\db\backends\utils.py", line 100, in _execute
    with self.db.wrap_database_errors:
         ^^^^^^^^^^^^^^^^^^^^^^^^^^^^
  File "D:\SynologyDrive\个人文件\pycode\server_management\.venv\Lib\site-packages\django\db\utils.py", line 91, in __exit__
    raise dj_exc_value.with_traceback(traceback) from exc_value
  File "D:\SynologyDrive\个人文件\pycode\server_management\.venv\Lib\site-packages\django\db\backends\utils.py", line 105, in _execute
    return self.cursor.execute(sql, params)
           ~~~~~~~~~~~~~~~~~~~^^^^^^^^^^^^^
  File "D:\SynologyDrive\个人文件\pycode\server_management\.venv\Lib\site-packages\django\db\backends\mysql\base.py", line 76, in execute
    return self.cursor.execute(query, args)
           ~~~~~~~~~~~~~~~~~~~^^^^^^^^^^^^^
  File "D:\SynologyDrive\个人文件\pycode\server_management\.venv\Lib\site-packages\MySQLdb\cursors.py", line 179, in execute
    res = self._query(mogrified_query)
  File "D:\SynologyDrive\个人文件\pycode\server_management\.venv\Lib\site-packages\MySQLdb\cursors.py", line 330, in _query
    db.query(q)
    ~~~~~~~~^^^
  File "D:\SynologyDrive\个人文件\pycode\server_management\.venv\Lib\site-packages\MySQLdb\connections.py", line 280, in query
    _mysql.connection.query(self, query)
    ~~~~~~~~~~~~~~~~~~~~~~~^^^^^^^^^^^^^
django.db.utils.OperationalError: (2013, 'Lost connection to server during query')
ERROR 2026-06-22 09:11:49,934 permission 检查过期密码时出错: (2006, 'Server has gone away')
Traceback (most recent call last):
  File "D:\SynologyDrive\个人文件\pycode\server_management\.venv\Lib\site-packages\django\db\backends\utils.py", line 105, in _execute
    return self.cursor.execute(sql, params)
           ~~~~~~~~~~~~~~~~~~~^^^^^^^^^^^^^
  File "D:\SynologyDrive\个人文件\pycode\server_management\.venv\Lib\site-packages\django\db\backends\mysql\base.py", line 76, in execute
    return self.cursor.execute(query, args)
           ~~~~~~~~~~~~~~~~~~~^^^^^^^^^^^^^
  File "D:\SynologyDrive\个人文件\pycode\server_management\.venv\Lib\site-packages\MySQLdb\cursors.py", line 179, in execute
    res = self._query(mogrified_query)
  File "D:\SynologyDrive\个人文件\pycode\server_management\.venv\Lib\site-packages\MySQLdb\cursors.py", line 330, in _query
    db.query(q)
    ~~~~~~~~^^^
  File "D:\SynologyDrive\个人文件\pycode\server_management\.venv\Lib\site-packages\MySQLdb\connections.py", line 280, in query
    _mysql.connection.query(self, query)
    ~~~~~~~~~~~~~~~~~~~~~~~^^^^^^^^^^^^^
MySQLdb.OperationalError: (2006, 'Server has gone away')

The above exception was the direct cause of the following exception:

Traceback (most recent call last):
  File "D:\SynologyDrive\个人文件\pycode\server_management\app01\views\permission.py", line 126, in check_expired_passwords
    if expired_servers.exists() or auto_expired_servers.exists():
       ~~~~~~~~~~~~~~~~~~~~~~^^
  File "D:\SynologyDrive\个人文件\pycode\server_management\.venv\Lib\site-packages\django\db\models\query.py", line 1296, in exists
    return self.query.has_results(using=self.db)
           ~~~~~~~~~~~~~~~~~~~~~~^^^^^^^^^^^^^^^
  File "D:\SynologyDrive\个人文件\pycode\server_management\.venv\Lib\site-packages\django\db\models\sql\query.py", line 674, in has_results
    return compiler.has_results()
           ~~~~~~~~~~~~~~~~~~~~^^
  File "D:\SynologyDrive\个人文件\pycode\server_management\.venv\Lib\site-packages\django\db\models\sql\compiler.py", line 1591, in has_results
    return bool(self.execute_sql(SINGLE))
                ~~~~~~~~~~~~~~~~^^^^^^^^
  File "D:\SynologyDrive\个人文件\pycode\server_management\.venv\Lib\site-packages\django\db\models\sql\compiler.py", line 1623, in execute_sql
    cursor.execute(sql, params)
    ~~~~~~~~~~~~~~^^^^^^^^^^^^^
  File "D:\SynologyDrive\个人文件\pycode\server_management\.venv\Lib\site-packages\django\db\backends\utils.py", line 122, in execute
    return super().execute(sql, params)
           ~~~~~~~~~~~~~~~^^^^^^^^^^^^^
  File "D:\SynologyDrive\个人文件\pycode\server_management\.venv\Lib\site-packages\django\db\backends\utils.py", line 79, in execute
    return self._execute_with_wrappers(
           ~~~~~~~~~~~~~~~~~~~~~~~~~~~^
        sql, params, many=False, executor=self._execute
        ^^^^^^^^^^^^^^^^^^^^^^^^^^^^^^^^^^^^^^^^^^^^^^^
    )
    ^
  File "D:\SynologyDrive\个人文件\pycode\server_management\.venv\Lib\site-packages\django\db\backends\utils.py", line 92, in _execute_with_wrappers
    return executor(sql, params, many, context)
  File "D:\SynologyDrive\个人文件\pycode\server_management\.venv\Lib\site-packages\django\db\backends\utils.py", line 100, in _execute
    with self.db.wrap_database_errors:
         ^^^^^^^^^^^^^^^^^^^^^^^^^^^^
  File "D:\SynologyDrive\个人文件\pycode\server_management\.venv\Lib\site-packages\django\db\utils.py", line 91, in __exit__
    raise dj_exc_value.with_traceback(traceback) from exc_value
  File "D:\SynologyDrive\个人文件\pycode\server_management\.venv\Lib\site-packages\django\db\backends\utils.py", line 105, in _execute
    return self.cursor.execute(sql, params)
           ~~~~~~~~~~~~~~~~~~~^^^^^^^^^^^^^
  File "D:\SynologyDrive\个人文件\pycode\server_management\.venv\Lib\site-packages\django\db\backends\mysql\base.py", line 76, in execute
    return self.cursor.execute(query, args)
           ~~~~~~~~~~~~~~~~~~~^^^^^^^^^^^^^
  File "D:\SynologyDrive\个人文件\pycode\server_management\.venv\Lib\site-packages\MySQLdb\cursors.py", line 179, in execute
    res = self._query(mogrified_query)
  File "D:\SynologyDrive\个人文件\pycode\server_management\.venv\Lib\site-packages\MySQLdb\cursors.py", line 330, in _query
    db.query(q)
    ~~~~~~~~^^^
  File "D:\SynologyDrive\个人文件\pycode\server_management\.venv\Lib\site-packages\MySQLdb\connections.py", line 280, in query
    _mysql.connection.query(self, query)
    ~~~~~~~~~~~~~~~~~~~~~~~^^^^^^^^^^^^^
django.db.utils.OperationalError: (2006, 'Server has gone away')
ERROR 2026-06-22 09:16:49,939 permission 检查过期密码时出错: (2006, 'Server has gone away')
Traceback (most recent call last):
  File "D:\SynologyDrive\个人文件\pycode\server_management\.venv\Lib\site-packages\django\db\backends\utils.py", line 105, in _execute
    return self.cursor.execute(sql, params)
           ~~~~~~~~~~~~~~~~~~~^^^^^^^^^^^^^
  File "D:\SynologyDrive\个人文件\pycode\server_management\.venv\Lib\site-packages\django\db\backends\mysql\base.py", line 76, in execute
    return self.cursor.execute(query, args)
           ~~~~~~~~~~~~~~~~~~~^^^^^^^^^^^^^
  File "D:\SynologyDrive\个人文件\pycode\server_management\.venv\Lib\site-packages\MySQLdb\cursors.py", line 179, in execute
    res = self._query(mogrified_query)
  File "D:\SynologyDrive\个人文件\pycode\server_management\.venv\Lib\site-packages\MySQLdb\cursors.py", line 330, in _query
    db.query(q)
    ~~~~~~~~^^^
  File "D:\SynologyDrive\个人文件\pycode\server_management\.venv\Lib\site-packages\MySQLdb\connections.py", line 280, in query
    _mysql.connection.query(self, query)
    ~~~~~~~~~~~~~~~~~~~~~~~^^^^^^^^^^^^^
MySQLdb.OperationalError: (2006, 'Server has gone away')

The above exception was the direct cause of the following exception:

Traceback (most recent call last):
  File "D:\SynologyDrive\个人文件\pycode\server_management\app01\views\permission.py", line 126, in check_expired_passwords
    if expired_servers.exists() or auto_expired_servers.exists():
       ~~~~~~~~~~~~~~~~~~~~~~^^
  File "D:\SynologyDrive\个人文件\pycode\server_management\.venv\Lib\site-packages\django\db\models\query.py", line 1296, in exists
    return self.query.has_results(using=self.db)
           ~~~~~~~~~~~~~~~~~~~~~~^^^^^^^^^^^^^^^
  File "D:\SynologyDrive\个人文件\pycode\server_management\.venv\Lib\site-packages\django\db\models\sql\query.py", line 674, in has_results
    return compiler.has_results()
           ~~~~~~~~~~~~~~~~~~~~^^
  File "D:\SynologyDrive\个人文件\pycode\server_management\.venv\Lib\site-packages\django\db\models\sql\compiler.py", line 1591, in has_results
    return bool(self.execute_sql(SINGLE))
                ~~~~~~~~~~~~~~~~^^^^^^^^
  File "D:\SynologyDrive\个人文件\pycode\server_management\.venv\Lib\site-packages\django\db\models\sql\compiler.py", line 1623, in execute_sql
    cursor.execute(sql, params)
    ~~~~~~~~~~~~~~^^^^^^^^^^^^^
  File "D:\SynologyDrive\个人文件\pycode\server_management\.venv\Lib\site-packages\django\db\backends\utils.py", line 122, in execute
    return super().execute(sql, params)
           ~~~~~~~~~~~~~~~^^^^^^^^^^^^^
  File "D:\SynologyDrive\个人文件\pycode\server_management\.venv\Lib\site-packages\django\db\backends\utils.py", line 79, in execute
    return self._execute_with_wrappers(
           ~~~~~~~~~~~~~~~~~~~~~~~~~~~^
        sql, params, many=False, executor=self._execute
        ^^^^^^^^^^^^^^^^^^^^^^^^^^^^^^^^^^^^^^^^^^^^^^^
    )
    ^
  File "D:\SynologyDrive\个人文件\pycode\server_management\.venv\Lib\site-packages\django\db\backends\utils.py", line 92, in _execute_with_wrappers
    return executor(sql, params, many, context)
  File "D:\SynologyDrive\个人文件\pycode\server_management\.venv\Lib\site-packages\django\db\backends\utils.py", line 100, in _execute
    with self.db.wrap_database_errors:
         ^^^^^^^^^^^^^^^^^^^^^^^^^^^^
  File "D:\SynologyDrive\个人文件\pycode\server_management\.venv\Lib\site-packages\django\db\utils.py", line 91, in __exit__
    raise dj_exc_value.with_traceback(traceback) from exc_value
  File "D:\SynologyDrive\个人文件\pycode\server_management\.venv\Lib\site-packages\django\db\backends\utils.py", line 105, in _execute
    return self.cursor.execute(sql, params)
           ~~~~~~~~~~~~~~~~~~~^^^^^^^^^^^^^
  File "D:\SynologyDrive\个人文件\pycode\server_management\.venv\Lib\site-packages\django\db\backends\mysql\base.py", line 76, in execute
    return self.cursor.execute(query, args)
           ~~~~~~~~~~~~~~~~~~~^^^^^^^^^^^^^
  File "D:\SynologyDrive\个人文件\pycode\server_management\.venv\Lib\site-packages\MySQLdb\cursors.py", line 179, in execute
    res = self._query(mogrified_query)
  File "D:\SynologyDrive\个人文件\pycode\server_management\.venv\Lib\site-packages\MySQLdb\cursors.py", line 330, in _query
    db.query(q)
    ~~~~~~~~^^^
  File "D:\SynologyDrive\个人文件\pycode\server_management\.venv\Lib\site-packages\MySQLdb\connections.py", line 280, in query
    _mysql.connection.query(self, query)
    ~~~~~~~~~~~~~~~~~~~~~~~^^^^^^^^^^^^^
django.db.utils.OperationalError: (2006, 'Server has gone away')
ERROR 2026-06-22 09:21:49,943 permission 检查过期密码时出错: (2006, 'Server has gone away')
Traceback (most recent call last):
  File "D:\SynologyDrive\个人文件\pycode\server_management\.venv\Lib\site-packages\django\db\backends\utils.py", line 105, in _execute
    return self.cursor.execute(sql, params)
           ~~~~~~~~~~~~~~~~~~~^^^^^^^^^^^^^
  File "D:\SynologyDrive\个人文件\pycode\server_management\.venv\Lib\site-packages\django\db\backends\mysql\base.py", line 76, in execute
    return self.cursor.execute(query, args)
           ~~~~~~~~~~~~~~~~~~~^^^^^^^^^^^^^
  File "D:\SynologyDrive\个人文件\pycode\server_management\.venv\Lib\site-packages\MySQLdb\cursors.py", line 179, in execute
    res = self._query(mogrified_query)
  File "D:\SynologyDrive\个人文件\pycode\server_management\.venv\Lib\site-packages\MySQLdb\cursors.py", line 330, in _query
    db.query(q)
    ~~~~~~~~^^^
  File "D:\SynologyDrive\个人文件\pycode\server_management\.venv\Lib\site-packages\MySQLdb\connections.py", line 280, in query
    _mysql.connection.query(self, query)
    ~~~~~~~~~~~~~~~~~~~~~~~^^^^^^^^^^^^^
MySQLdb.OperationalError: (2006, 'Server has gone away')

The above exception was the direct cause of the following exception:

Traceback (most recent call last):
  File "D:\SynologyDrive\个人文件\pycode\server_management\app01\views\permission.py", line 126, in check_expired_passwords
    if expired_servers.exists() or auto_expired_servers.exists():
       ~~~~~~~~~~~~~~~~~~~~~~^^
  File "D:\SynologyDrive\个人文件\pycode\server_management\.venv\Lib\site-packages\django\db\models\query.py", line 1296, in exists
    return self.query.has_results(using=self.db)
           ~~~~~~~~~~~~~~~~~~~~~~^^^^^^^^^^^^^^^
  File "D:\SynologyDrive\个人文件\pycode\server_management\.venv\Lib\site-packages\django\db\models\sql\query.py", line 674, in has_results
    return compiler.has_results()
           ~~~~~~~~~~~~~~~~~~~~^^
  File "D:\SynologyDrive\个人文件\pycode\server_management\.venv\Lib\site-packages\django\db\models\sql\compiler.py", line 1591, in has_results
    return bool(self.execute_sql(SINGLE))
                ~~~~~~~~~~~~~~~~^^^^^^^^
  File "D:\SynologyDrive\个人文件\pycode\server_management\.venv\Lib\site-packages\django\db\models\sql\compiler.py", line 1623, in execute_sql
    cursor.execute(sql, params)
    ~~~~~~~~~~~~~~^^^^^^^^^^^^^
  File "D:\SynologyDrive\个人文件\pycode\server_management\.venv\Lib\site-packages\django\db\backends\utils.py", line 122, in execute
    return super().execute(sql, params)
           ~~~~~~~~~~~~~~~^^^^^^^^^^^^^
  File "D:\SynologyDrive\个人文件\pycode\server_management\.venv\Lib\site-packages\django\db\backends\utils.py", line 79, in execute
    return self._execute_with_wrappers(
           ~~~~~~~~~~~~~~~~~~~~~~~~~~~^
        sql, params, many=False, executor=self._execute
        ^^^^^^^^^^^^^^^^^^^^^^^^^^^^^^^^^^^^^^^^^^^^^^^
    )
    ^
  File "D:\SynologyDrive\个人文件\pycode\server_management\.venv\Lib\site-packages\django\db\backends\utils.py", line 92, in _execute_with_wrappers
    return executor(sql, params, many, context)
  File "D:\SynologyDrive\个人文件\pycode\server_management\.venv\Lib\site-packages\django\db\backends\utils.py", line 100, in _execute
    with self.db.wrap_database_errors:
         ^^^^^^^^^^^^^^^^^^^^^^^^^^^^
  File "D:\SynologyDrive\个人文件\pycode\server_management\.venv\Lib\site-packages\django\db\utils.py", line 91, in __exit__
    raise dj_exc_value.with_traceback(traceback) from exc_value
  File "D:\SynologyDrive\个人文件\pycode\server_management\.venv\Lib\site-packages\django\db\backends\utils.py", line 105, in _execute
    return self.cursor.execute(sql, params)
           ~~~~~~~~~~~~~~~~~~~^^^^^^^^^^^^^
  File "D:\SynologyDrive\个人文件\pycode\server_management\.venv\Lib\site-packages\django\db\backends\mysql\base.py", line 76, in execute
    return self.cursor.execute(query, args)
           ~~~~~~~~~~~~~~~~~~~^^^^^^^^^^^^^
  File "D:\SynologyDrive\个人文件\pycode\server_management\.venv\Lib\site-packages\MySQLdb\cursors.py", line 179, in execute
    res = self._query(mogrified_query)
  File "D:\SynologyDrive\个人文件\pycode\server_management\.venv\Lib\site-packages\MySQLdb\cursors.py", line 330, in _query
    db.query(q)
    ~~~~~~~~^^^
  File "D:\SynologyDrive\个人文件\pycode\server_management\.venv\Lib\site-packages\MySQLdb\connections.py", line 280, in query
    _mysql.connection.query(self, query)
    ~~~~~~~~~~~~~~~~~~~~~~~^^^^^^^^^^^^^
django.db.utils.OperationalError: (2006, 'Server has gone away')
ERROR 2026-06-22 09:26:49,948 permission 检查过期密码时出错: (2006, 'Server has gone away')
Traceback (most recent call last):
  File "D:\SynologyDrive\个人文件\pycode\server_management\.venv\Lib\site-packages\django\db\backends\utils.py", line 105, in _execute
    return self.cursor.execute(sql, params)
           ~~~~~~~~~~~~~~~~~~~^^^^^^^^^^^^^
  File "D:\SynologyDrive\个人文件\pycode\server_management\.venv\Lib\site-packages\django\db\backends\mysql\base.py", line 76, in execute
    return self.cursor.execute(query, args)
           ~~~~~~~~~~~~~~~~~~~^^^^^^^^^^^^^
  File "D:\SynologyDrive\个人文件\pycode\server_management\.venv\Lib\site-packages\MySQLdb\cursors.py", line 179, in execute
    res = self._query(mogrified_query)
  File "D:\SynologyDrive\个人文件\pycode\server_management\.venv\Lib\site-packages\MySQLdb\cursors.py", line 330, in _query
    db.query(q)
    ~~~~~~~~^^^
  File "D:\SynologyDrive\个人文件\pycode\server_management\.venv\Lib\site-packages\MySQLdb\connections.py", line 280, in query
    _mysql.connection.query(self, query)
    ~~~~~~~~~~~~~~~~~~~~~~~^^^^^^^^^^^^^
MySQLdb.OperationalError: (2006, 'Server has gone away')

The above exception was the direct cause of the following exception:

Traceback (most recent call last):
  File "D:\SynologyDrive\个人文件\pycode\server_management\app01\views\permission.py", line 126, in check_expired_passwords
    if expired_servers.exists() or auto_expired_servers.exists():
       ~~~~~~~~~~~~~~~~~~~~~~^^
  File "D:\SynologyDrive\个人文件\pycode\server_management\.venv\Lib\site-packages\django\db\models\query.py", line 1296, in exists
    return self.query.has_results(using=self.db)
           ~~~~~~~~~~~~~~~~~~~~~~^^^^^^^^^^^^^^^
  File "D:\SynologyDrive\个人文件\pycode\server_management\.venv\Lib\site-packages\django\db\models\sql\query.py", line 674, in has_results
    return compiler.has_results()
           ~~~~~~~~~~~~~~~~~~~~^^
  File "D:\SynologyDrive\个人文件\pycode\server_management\.venv\Lib\site-packages\django\db\models\sql\compiler.py", line 1591, in has_results
    return bool(self.execute_sql(SINGLE))
                ~~~~~~~~~~~~~~~~^^^^^^^^
  File "D:\SynologyDrive\个人文件\pycode\server_management\.venv\Lib\site-packages\django\db\models\sql\compiler.py", line 1623, in execute_sql
    cursor.execute(sql, params)
    ~~~~~~~~~~~~~~^^^^^^^^^^^^^
  File "D:\SynologyDrive\个人文件\pycode\server_management\.venv\Lib\site-packages\django\db\backends\utils.py", line 122, in execute
    return super().execute(sql, params)
           ~~~~~~~~~~~~~~~^^^^^^^^^^^^^
  File "D:\SynologyDrive\个人文件\pycode\server_management\.venv\Lib\site-packages\django\db\backends\utils.py", line 79, in execute
    return self._execute_with_wrappers(
           ~~~~~~~~~~~~~~~~~~~~~~~~~~~^
        sql, params, many=False, executor=self._execute
        ^^^^^^^^^^^^^^^^^^^^^^^^^^^^^^^^^^^^^^^^^^^^^^^
    )
    ^
  File "D:\SynologyDrive\个人文件\pycode\server_management\.venv\Lib\site-packages\django\db\backends\utils.py", line 92, in _execute_with_wrappers
    return executor(sql, params, many, context)
  File "D:\SynologyDrive\个人文件\pycode\server_management\.venv\Lib\site-packages\django\db\backends\utils.py", line 100, in _execute
    with self.db.wrap_database_errors:
         ^^^^^^^^^^^^^^^^^^^^^^^^^^^^
  File "D:\SynologyDrive\个人文件\pycode\server_management\.venv\Lib\site-packages\django\db\utils.py", line 91, in __exit__
    raise dj_exc_value.with_traceback(traceback) from exc_value
  File "D:\SynologyDrive\个人文件\pycode\server_management\.venv\Lib\site-packages\django\db\backends\utils.py", line 105, in _execute
    return self.cursor.execute(sql, params)
           ~~~~~~~~~~~~~~~~~~~^^^^^^^^^^^^^
  File "D:\SynologyDrive\个人文件\pycode\server_management\.venv\Lib\site-packages\django\db\backends\mysql\base.py", line 76, in execute
    return self.cursor.execute(query, args)
           ~~~~~~~~~~~~~~~~~~~^^^^^^^^^^^^^
  File "D:\SynologyDrive\个人文件\pycode\server_management\.venv\Lib\site-packages\MySQLdb\cursors.py", line 179, in execute
    res = self._query(mogrified_query)
  File "D:\SynologyDrive\个人文件\pycode\server_management\.venv\Lib\site-packages\MySQLdb\cursors.py", line 330, in _query
    db.query(q)
    ~~~~~~~~^^^
  File "D:\SynologyDrive\个人文件\pycode\server_management\.venv\Lib\site-packages\MySQLdb\connections.py", line 280, in query
    _mysql.connection.query(self, query)
    ~~~~~~~~~~~~~~~~~~~~~~~^^^^^^^^^^^^^
django.db.utils.OperationalError: (2006, 'Server has gone away')
ERROR 2026-06-22 09:31:49,952 permission 检查过期密码时出错: (2006, 'Server has gone away')
Traceback (most recent call last):
  File "D:\SynologyDrive\个人文件\pycode\server_management\.venv\Lib\site-packages\django\db\backends\utils.py", line 105, in _execute
    return self.cursor.execute(sql, params)
           ~~~~~~~~~~~~~~~~~~~^^^^^^^^^^^^^
  File "D:\SynologyDrive\个人文件\pycode\server_management\.venv\Lib\site-packages\django\db\backends\mysql\base.py", line 76, in execute
    return self.cursor.execute(query, args)
           ~~~~~~~~~~~~~~~~~~~^^^^^^^^^^^^^
  File "D:\SynologyDrive\个人文件\pycode\server_management\.venv\Lib\site-packages\MySQLdb\cursors.py", line 179, in execute
    res = self._query(mogrified_query)
  File "D:\SynologyDrive\个人文件\pycode\server_management\.venv\Lib\site-packages\MySQLdb\cursors.py", line 330, in _query
    db.query(q)
    ~~~~~~~~^^^
  File "D:\SynologyDrive\个人文件\pycode\server_management\.venv\Lib\site-packages\MySQLdb\connections.py", line 280, in query
    _mysql.connection.query(self, query)
    ~~~~~~~~~~~~~~~~~~~~~~~^^^^^^^^^^^^^
MySQLdb.OperationalError: (2006, 'Server has gone away')

The above exception was the direct cause of the following exception:

Traceback (most recent call last):
  File "D:\SynologyDrive\个人文件\pycode\server_management\app01\views\permission.py", line 126, in check_expired_passwords
    if expired_servers.exists() or auto_expired_servers.exists():
       ~~~~~~~~~~~~~~~~~~~~~~^^
  File "D:\SynologyDrive\个人文件\pycode\server_management\.venv\Lib\site-packages\django\db\models\query.py", line 1296, in exists
    return self.query.has_results(using=self.db)
           ~~~~~~~~~~~~~~~~~~~~~~^^^^^^^^^^^^^^^
  File "D:\SynologyDrive\个人文件\pycode\server_management\.venv\Lib\site-packages\django\db\models\sql\query.py", line 674, in has_results
    return compiler.has_results()
           ~~~~~~~~~~~~~~~~~~~~^^
  File "D:\SynologyDrive\个人文件\pycode\server_management\.venv\Lib\site-packages\django\db\models\sql\compiler.py", line 1591, in has_results
    return bool(self.execute_sql(SINGLE))
                ~~~~~~~~~~~~~~~~^^^^^^^^
  File "D:\SynologyDrive\个人文件\pycode\server_management\.venv\Lib\site-packages\django\db\models\sql\compiler.py", line 1623, in execute_sql
    cursor.execute(sql, params)
    ~~~~~~~~~~~~~~^^^^^^^^^^^^^
  File "D:\SynologyDrive\个人文件\pycode\server_management\.venv\Lib\site-packages\django\db\backends\utils.py", line 122, in execute
    return super().execute(sql, params)
           ~~~~~~~~~~~~~~~^^^^^^^^^^^^^
  File "D:\SynologyDrive\个人文件\pycode\server_management\.venv\Lib\site-packages\django\db\backends\utils.py", line 79, in execute
    return self._execute_with_wrappers(
           ~~~~~~~~~~~~~~~~~~~~~~~~~~~^
        sql, params, many=False, executor=self._execute
        ^^^^^^^^^^^^^^^^^^^^^^^^^^^^^^^^^^^^^^^^^^^^^^^
    )
    ^
  File "D:\SynologyDrive\个人文件\pycode\server_management\.venv\Lib\site-packages\django\db\backends\utils.py", line 92, in _execute_with_wrappers
    return executor(sql, params, many, context)
  File "D:\SynologyDrive\个人文件\pycode\server_management\.venv\Lib\site-packages\django\db\backends\utils.py", line 100, in _execute
    with self.db.wrap_database_errors:
         ^^^^^^^^^^^^^^^^^^^^^^^^^^^^
  File "D:\SynologyDrive\个人文件\pycode\server_management\.venv\Lib\site-packages\django\db\utils.py", line 91, in __exit__
    raise dj_exc_value.with_traceback(traceback) from exc_value
  File "D:\SynologyDrive\个人文件\pycode\server_management\.venv\Lib\site-packages\django\db\backends\utils.py", line 105, in _execute
    return self.cursor.execute(sql, params)
           ~~~~~~~~~~~~~~~~~~~^^^^^^^^^^^^^
  File "D:\SynologyDrive\个人文件\pycode\server_management\.venv\Lib\site-packages\django\db\backends\mysql\base.py", line 76, in execute
    return self.cursor.execute(query, args)
           ~~~~~~~~~~~~~~~~~~~^^^^^^^^^^^^^
  File "D:\SynologyDrive\个人文件\pycode\server_management\.venv\Lib\site-packages\MySQLdb\cursors.py", line 179, in execute
    res = self._query(mogrified_query)
  File "D:\SynologyDrive\个人文件\pycode\server_management\.venv\Lib\site-packages\MySQLdb\cursors.py", line 330, in _query
    db.query(q)
    ~~~~~~~~^^^
  File "D:\SynologyDrive\个人文件\pycode\server_management\.venv\Lib\site-packages\MySQLdb\connections.py", line 280, in query
    _mysql.connection.query(self, query)
    ~~~~~~~~~~~~~~~~~~~~~~~^^^^^^^^^^^^^
django.db.utils.OperationalError: (2006, 'Server has gone away')
ERROR 2026-06-22 09:36:49,956 permission 检查过期密码时出错: (2006, 'Server has gone away')
Traceback (most recent call last):
  File "D:\SynologyDrive\个人文件\pycode\server_management\.venv\Lib\site-packages\django\db\backends\utils.py", line 105, in _execute
    return self.cursor.execute(sql, params)
           ~~~~~~~~~~~~~~~~~~~^^^^^^^^^^^^^
  File "D:\SynologyDrive\个人文件\pycode\server_management\.venv\Lib\site-packages\django\db\backends\mysql\base.py", line 76, in execute
    return self.cursor.execute(query, args)
           ~~~~~~~~~~~~~~~~~~~^^^^^^^^^^^^^
  File "D:\SynologyDrive\个人文件\pycode\server_management\.venv\Lib\site-packages\MySQLdb\cursors.py", line 179, in execute
    res = self._query(mogrified_query)
  File "D:\SynologyDrive\个人文件\pycode\server_management\.venv\Lib\site-packages\MySQLdb\cursors.py", line 330, in _query
    db.query(q)
    ~~~~~~~~^^^
  File "D:\SynologyDrive\个人文件\pycode\server_management\.venv\Lib\site-packages\MySQLdb\connections.py", line 280, in query
    _mysql.connection.query(self, query)
    ~~~~~~~~~~~~~~~~~~~~~~~^^^^^^^^^^^^^
MySQLdb.OperationalError: (2006, 'Server has gone away')

The above exception was the direct cause of the following exception:

Traceback (most recent call last):
  File "D:\SynologyDrive\个人文件\pycode\server_management\app01\views\permission.py", line 126, in check_expired_passwords
    if expired_servers.exists() or auto_expired_servers.exists():
       ~~~~~~~~~~~~~~~~~~~~~~^^
  File "D:\SynologyDrive\个人文件\pycode\server_management\.venv\Lib\site-packages\django\db\models\query.py", line 1296, in exists
    return self.query.has_results(using=self.db)
           ~~~~~~~~~~~~~~~~~~~~~~^^^^^^^^^^^^^^^
  File "D:\SynologyDrive\个人文件\pycode\server_management\.venv\Lib\site-packages\django\db\models\sql\query.py", line 674, in has_results
    return compiler.has_results()
           ~~~~~~~~~~~~~~~~~~~~^^
  File "D:\SynologyDrive\个人文件\pycode\server_management\.venv\Lib\site-packages\django\db\models\sql\compiler.py", line 1591, in has_results
    return bool(self.execute_sql(SINGLE))
                ~~~~~~~~~~~~~~~~^^^^^^^^
  File "D:\SynologyDrive\个人文件\pycode\server_management\.venv\Lib\site-packages\django\db\models\sql\compiler.py", line 1623, in execute_sql
    cursor.execute(sql, params)
    ~~~~~~~~~~~~~~^^^^^^^^^^^^^
  File "D:\SynologyDrive\个人文件\pycode\server_management\.venv\Lib\site-packages\django\db\backends\utils.py", line 122, in execute
    return super().execute(sql, params)
           ~~~~~~~~~~~~~~~^^^^^^^^^^^^^
  File "D:\SynologyDrive\个人文件\pycode\server_management\.venv\Lib\site-packages\django\db\backends\utils.py", line 79, in execute
    return self._execute_with_wrappers(
           ~~~~~~~~~~~~~~~~~~~~~~~~~~~^
        sql, params, many=False, executor=self._execute
        ^^^^^^^^^^^^^^^^^^^^^^^^^^^^^^^^^^^^^^^^^^^^^^^
    )
    ^
  File "D:\SynologyDrive\个人文件\pycode\server_management\.venv\Lib\site-packages\django\db\backends\utils.py", line 92, in _execute_with_wrappers
    return executor(sql, params, many, context)
  File "D:\SynologyDrive\个人文件\pycode\server_management\.venv\Lib\site-packages\django\db\backends\utils.py", line 100, in _execute
    with self.db.wrap_database_errors:
         ^^^^^^^^^^^^^^^^^^^^^^^^^^^^
  File "D:\SynologyDrive\个人文件\pycode\server_management\.venv\Lib\site-packages\django\db\utils.py", line 91, in __exit__
    raise dj_exc_value.with_traceback(traceback) from exc_value
  File "D:\SynologyDrive\个人文件\pycode\server_management\.venv\Lib\site-packages\django\db\backends\utils.py", line 105, in _execute
    return self.cursor.execute(sql, params)
           ~~~~~~~~~~~~~~~~~~~^^^^^^^^^^^^^
  File "D:\SynologyDrive\个人文件\pycode\server_management\.venv\Lib\site-packages\django\db\backends\mysql\base.py", line 76, in execute
    return self.cursor.execute(query, args)
           ~~~~~~~~~~~~~~~~~~~^^^^^^^^^^^^^
  File "D:\SynologyDrive\个人文件\pycode\server_management\.venv\Lib\site-packages\MySQLdb\cursors.py", line 179, in execute
    res = self._query(mogrified_query)
  File "D:\SynologyDrive\个人文件\pycode\server_management\.venv\Lib\site-packages\MySQLdb\cursors.py", line 330, in _query
    db.query(q)
    ~~~~~~~~^^^
  File "D:\SynologyDrive\个人文件\pycode\server_management\.venv\Lib\site-packages\MySQLdb\connections.py", line 280, in query
    _mysql.connection.query(self, query)
    ~~~~~~~~~~~~~~~~~~~~~~~^^^^^^^^^^^^^
django.db.utils.OperationalError: (2006, 'Server has gone away')
ERROR 2026-06-22 09:41:49,960 permission 检查过期密码时出错: (2006, 'Server has gone away')
Traceback (most recent call last):
  File "D:\SynologyDrive\个人文件\pycode\server_management\.venv\Lib\site-packages\django\db\backends\utils.py", line 105, in _execute
    return self.cursor.execute(sql, params)
           ~~~~~~~~~~~~~~~~~~~^^^^^^^^^^^^^
  File "D:\SynologyDrive\个人文件\pycode\server_management\.venv\Lib\site-packages\django\db\backends\mysql\base.py", line 76, in execute
    return self.cursor.execute(query, args)
           ~~~~~~~~~~~~~~~~~~~^^^^^^^^^^^^^
  File "D:\SynologyDrive\个人文件\pycode\server_management\.venv\Lib\site-packages\MySQLdb\cursors.py", line 179, in execute
    res = self._query(mogrified_query)
  File "D:\SynologyDrive\个人文件\pycode\server_management\.venv\Lib\site-packages\MySQLdb\cursors.py", line 330, in _query
    db.query(q)
    ~~~~~~~~^^^
  File "D:\SynologyDrive\个人文件\pycode\server_management\.venv\Lib\site-packages\MySQLdb\connections.py", line 280, in query
    _mysql.connection.query(self, query)
    ~~~~~~~~~~~~~~~~~~~~~~~^^^^^^^^^^^^^
MySQLdb.OperationalError: (2006, 'Server has gone away')

The above exception was the direct cause of the following exception:

Traceback (most recent call last):
  File "D:\SynologyDrive\个人文件\pycode\server_management\app01\views\permission.py", line 126, in check_expired_passwords
    if expired_servers.exists() or auto_expired_servers.exists():
       ~~~~~~~~~~~~~~~~~~~~~~^^
  File "D:\SynologyDrive\个人文件\pycode\server_management\.venv\Lib\site-packages\django\db\models\query.py", line 1296, in exists
    return self.query.has_results(using=self.db)
           ~~~~~~~~~~~~~~~~~~~~~~^^^^^^^^^^^^^^^
  File "D:\SynologyDrive\个人文件\pycode\server_management\.venv\Lib\site-packages\django\db\models\sql\query.py", line 674, in has_results
    return compiler.has_results()
           ~~~~~~~~~~~~~~~~~~~~^^
  File "D:\SynologyDrive\个人文件\pycode\server_management\.venv\Lib\site-packages\django\db\models\sql\compiler.py", line 1591, in has_results
    return bool(self.execute_sql(SINGLE))
                ~~~~~~~~~~~~~~~~^^^^^^^^
  File "D:\SynologyDrive\个人文件\pycode\server_management\.venv\Lib\site-packages\django\db\models\sql\compiler.py", line 1623, in execute_sql
    cursor.execute(sql, params)
    ~~~~~~~~~~~~~~^^^^^^^^^^^^^
  File "D:\SynologyDrive\个人文件\pycode\server_management\.venv\Lib\site-packages\django\db\backends\utils.py", line 122, in execute
    return super().execute(sql, params)
           ~~~~~~~~~~~~~~~^^^^^^^^^^^^^
  File "D:\SynologyDrive\个人文件\pycode\server_management\.venv\Lib\site-packages\django\db\backends\utils.py", line 79, in execute
    return self._execute_with_wrappers(
           ~~~~~~~~~~~~~~~~~~~~~~~~~~~^
        sql, params, many=False, executor=self._execute
        ^^^^^^^^^^^^^^^^^^^^^^^^^^^^^^^^^^^^^^^^^^^^^^^
    )
    ^
  File "D:\SynologyDrive\个人文件\pycode\server_management\.venv\Lib\site-packages\django\db\backends\utils.py", line 92, in _execute_with_wrappers
    return executor(sql, params, many, context)
  File "D:\SynologyDrive\个人文件\pycode\server_management\.venv\Lib\site-packages\django\db\backends\utils.py", line 100, in _execute
    with self.db.wrap_database_errors:
         ^^^^^^^^^^^^^^^^^^^^^^^^^^^^
  File "D:\SynologyDrive\个人文件\pycode\server_management\.venv\Lib\site-packages\django\db\utils.py", line 91, in __exit__
    raise dj_exc_value.with_traceback(traceback) from exc_value
  File "D:\SynologyDrive\个人文件\pycode\server_management\.venv\Lib\site-packages\django\db\backends\utils.py", line 105, in _execute
    return self.cursor.execute(sql, params)
           ~~~~~~~~~~~~~~~~~~~^^^^^^^^^^^^^
  File "D:\SynologyDrive\个人文件\pycode\server_management\.venv\Lib\site-packages\django\db\backends\mysql\base.py", line 76, in execute
    return self.cursor.execute(query, args)
           ~~~~~~~~~~~~~~~~~~~^^^^^^^^^^^^^
  File "D:\SynologyDrive\个人文件\pycode\server_management\.venv\Lib\site-packages\MySQLdb\cursors.py", line 179, in execute
    res = self._query(mogrified_query)
  File "D:\SynologyDrive\个人文件\pycode\server_management\.venv\Lib\site-packages\MySQLdb\cursors.py", line 330, in _query
    db.query(q)
    ~~~~~~~~^^^
  File "D:\SynologyDrive\个人文件\pycode\server_management\.venv\Lib\site-packages\MySQLdb\connections.py", line 280, in query
    _mysql.connection.query(self, query)
    ~~~~~~~~~~~~~~~~~~~~~~~^^^^^^^^^^^^^
django.db.utils.OperationalError: (2006, 'Server has gone away')
ERROR 2026-06-22 09:46:49,964 permission 检查过期密码时出错: (2006, 'Server has gone away')
Traceback (most recent call last):
  File "D:\SynologyDrive\个人文件\pycode\server_management\.venv\Lib\site-packages\django\db\backends\utils.py", line 105, in _execute
    return self.cursor.execute(sql, params)
           ~~~~~~~~~~~~~~~~~~~^^^^^^^^^^^^^
  File "D:\SynologyDrive\个人文件\pycode\server_management\.venv\Lib\site-packages\django\db\backends\mysql\base.py", line 76, in execute
    return self.cursor.execute(query, args)
           ~~~~~~~~~~~~~~~~~~~^^^^^^^^^^^^^
  File "D:\SynologyDrive\个人文件\pycode\server_management\.venv\Lib\site-packages\MySQLdb\cursors.py", line 179, in execute
    res = self._query(mogrified_query)
  File "D:\SynologyDrive\个人文件\pycode\server_management\.venv\Lib\site-packages\MySQLdb\cursors.py", line 330, in _query
    db.query(q)
    ~~~~~~~~^^^
  File "D:\SynologyDrive\个人文件\pycode\server_management\.venv\Lib\site-packages\MySQLdb\connections.py", line 280, in query
    _mysql.connection.query(self, query)
    ~~~~~~~~~~~~~~~~~~~~~~~^^^^^^^^^^^^^
MySQLdb.OperationalError: (2006, 'Server has gone away')

The above exception was the direct cause of the following exception:

Traceback (most recent call last):
  File "D:\SynologyDrive\个人文件\pycode\server_management\app01\views\permission.py", line 126, in check_expired_passwords
    if expired_servers.exists() or auto_expired_servers.exists():
       ~~~~~~~~~~~~~~~~~~~~~~^^
  File "D:\SynologyDrive\个人文件\pycode\server_management\.venv\Lib\site-packages\django\db\models\query.py", line 1296, in exists
    return self.query.has_results(using=self.db)
           ~~~~~~~~~~~~~~~~~~~~~~^^^^^^^^^^^^^^^
  File "D:\SynologyDrive\个人文件\pycode\server_management\.venv\Lib\site-packages\django\db\models\sql\query.py", line 674, in has_results
    return compiler.has_results()
           ~~~~~~~~~~~~~~~~~~~~^^
  File "D:\SynologyDrive\个人文件\pycode\server_management\.venv\Lib\site-packages\django\db\models\sql\compiler.py", line 1591, in has_results
    return bool(self.execute_sql(SINGLE))
                ~~~~~~~~~~~~~~~~^^^^^^^^
  File "D:\SynologyDrive\个人文件\pycode\server_management\.venv\Lib\site-packages\django\db\models\sql\compiler.py", line 1623, in execute_sql
    cursor.execute(sql, params)
    ~~~~~~~~~~~~~~^^^^^^^^^^^^^
  File "D:\SynologyDrive\个人文件\pycode\server_management\.venv\Lib\site-packages\django\db\backends\utils.py", line 122, in execute
    return super().execute(sql, params)
           ~~~~~~~~~~~~~~~^^^^^^^^^^^^^
  File "D:\SynologyDrive\个人文件\pycode\server_management\.venv\Lib\site-packages\django\db\backends\utils.py", line 79, in execute
    return self._execute_with_wrappers(
           ~~~~~~~~~~~~~~~~~~~~~~~~~~~^
        sql, params, many=False, executor=self._execute
        ^^^^^^^^^^^^^^^^^^^^^^^^^^^^^^^^^^^^^^^^^^^^^^^
    )
    ^
  File "D:\SynologyDrive\个人文件\pycode\server_management\.venv\Lib\site-packages\django\db\backends\utils.py", line 92, in _execute_with_wrappers
    return executor(sql, params, many, context)
  File "D:\SynologyDrive\个人文件\pycode\server_management\.venv\Lib\site-packages\django\db\backends\utils.py", line 100, in _execute
    with self.db.wrap_database_errors:
         ^^^^^^^^^^^^^^^^^^^^^^^^^^^^
  File "D:\SynologyDrive\个人文件\pycode\server_management\.venv\Lib\site-packages\django\db\utils.py", line 91, in __exit__
    raise dj_exc_value.with_traceback(traceback) from exc_value
  File "D:\SynologyDrive\个人文件\pycode\server_management\.venv\Lib\site-packages\django\db\backends\utils.py", line 105, in _execute
    return self.cursor.execute(sql, params)
           ~~~~~~~~~~~~~~~~~~~^^^^^^^^^^^^^
  File "D:\SynologyDrive\个人文件\pycode\server_management\.venv\Lib\site-packages\django\db\backends\mysql\base.py", line 76, in execute
    return self.cursor.execute(query, args)
           ~~~~~~~~~~~~~~~~~~~^^^^^^^^^^^^^
  File "D:\SynologyDrive\个人文件\pycode\server_management\.venv\Lib\site-packages\MySQLdb\cursors.py", line 179, in execute
    res = self._query(mogrified_query)
  File "D:\SynologyDrive\个人文件\pycode\server_management\.venv\Lib\site-packages\MySQLdb\cursors.py", line 330, in _query
    db.query(q)
    ~~~~~~~~^^^
  File "D:\SynologyDrive\个人文件\pycode\server_management\.venv\Lib\site-packages\MySQLdb\connections.py", line 280, in query
    _mysql.connection.query(self, query)
    ~~~~~~~~~~~~~~~~~~~~~~~^^^^^^^^^^^^^
django.db.utils.OperationalError: (2006, 'Server has gone away')
ERROR 2026-06-22 09:51:49,968 permission 检查过期密码时出错: (2006, 'Server has gone away')
Traceback (most recent call last):
  File "D:\SynologyDrive\个人文件\pycode\server_management\.venv\Lib\site-packages\django\db\backends\utils.py", line 105, in _execute
    return self.cursor.execute(sql, params)
           ~~~~~~~~~~~~~~~~~~~^^^^^^^^^^^^^
  File "D:\SynologyDrive\个人文件\pycode\server_management\.venv\Lib\site-packages\django\db\backends\mysql\base.py", line 76, in execute
    return self.cursor.execute(query, args)
           ~~~~~~~~~~~~~~~~~~~^^^^^^^^^^^^^
  File "D:\SynologyDrive\个人文件\pycode\server_management\.venv\Lib\site-packages\MySQLdb\cursors.py", line 179, in execute
    res = self._query(mogrified_query)
  File "D:\SynologyDrive\个人文件\pycode\server_management\.venv\Lib\site-packages\MySQLdb\cursors.py", line 330, in _query
    db.query(q)
    ~~~~~~~~^^^
  File "D:\SynologyDrive\个人文件\pycode\server_management\.venv\Lib\site-packages\MySQLdb\connections.py", line 280, in query
    _mysql.connection.query(self, query)
    ~~~~~~~~~~~~~~~~~~~~~~~^^^^^^^^^^^^^
MySQLdb.OperationalError: (2006, 'Server has gone away')

The above exception was the direct cause of the following exception:

Traceback (most recent call last):
  File "D:\SynologyDrive\个人文件\pycode\server_management\app01\views\permission.py", line 126, in check_expired_passwords
    if expired_servers.exists() or auto_expired_servers.exists():
       ~~~~~~~~~~~~~~~~~~~~~~^^
  File "D:\SynologyDrive\个人文件\pycode\server_management\.venv\Lib\site-packages\django\db\models\query.py", line 1296, in exists
    return self.query.has_results(using=self.db)
           ~~~~~~~~~~~~~~~~~~~~~~^^^^^^^^^^^^^^^
  File "D:\SynologyDrive\个人文件\pycode\server_management\.venv\Lib\site-packages\django\db\models\sql\query.py", line 674, in has_results
    return compiler.has_results()
           ~~~~~~~~~~~~~~~~~~~~^^
  File "D:\SynologyDrive\个人文件\pycode\server_management\.venv\Lib\site-packages\django\db\models\sql\compiler.py", line 1591, in has_results
    return bool(self.execute_sql(SINGLE))
                ~~~~~~~~~~~~~~~~^^^^^^^^
  File "D:\SynologyDrive\个人文件\pycode\server_management\.venv\Lib\site-packages\django\db\models\sql\compiler.py", line 1623, in execute_sql
    cursor.execute(sql, params)
    ~~~~~~~~~~~~~~^^^^^^^^^^^^^
  File "D:\SynologyDrive\个人文件\pycode\server_management\.venv\Lib\site-packages\django\db\backends\utils.py", line 122, in execute
    return super().execute(sql, params)
           ~~~~~~~~~~~~~~~^^^^^^^^^^^^^
  File "D:\SynologyDrive\个人文件\pycode\server_management\.venv\Lib\site-packages\django\db\backends\utils.py", line 79, in execute
    return self._execute_with_wrappers(
           ~~~~~~~~~~~~~~~~~~~~~~~~~~~^
        sql, params, many=False, executor=self._execute
        ^^^^^^^^^^^^^^^^^^^^^^^^^^^^^^^^^^^^^^^^^^^^^^^
    )
    ^
  File "D:\SynologyDrive\个人文件\pycode\server_management\.venv\Lib\site-packages\django\db\backends\utils.py", line 92, in _execute_with_wrappers
    return executor(sql, params, many, context)
  File "D:\SynologyDrive\个人文件\pycode\server_management\.venv\Lib\site-packages\django\db\backends\utils.py", line 100, in _execute
    with self.db.wrap_database_errors:
         ^^^^^^^^^^^^^^^^^^^^^^^^^^^^
  File "D:\SynologyDrive\个人文件\pycode\server_management\.venv\Lib\site-packages\django\db\utils.py", line 91, in __exit__
    raise dj_exc_value.with_traceback(traceback) from exc_value
  File "D:\SynologyDrive\个人文件\pycode\server_management\.venv\Lib\site-packages\django\db\backends\utils.py", line 105, in _execute
    return self.cursor.execute(sql, params)
           ~~~~~~~~~~~~~~~~~~~^^^^^^^^^^^^^
  File "D:\SynologyDrive\个人文件\pycode\server_management\.venv\Lib\site-packages\django\db\backends\mysql\base.py", line 76, in execute
    return self.cursor.execute(query, args)
           ~~~~~~~~~~~~~~~~~~~^^^^^^^^^^^^^
  File "D:\SynologyDrive\个人文件\pycode\server_management\.venv\Lib\site-packages\MySQLdb\cursors.py", line 179, in execute
    res = self._query(mogrified_query)
  File "D:\SynologyDrive\个人文件\pycode\server_management\.venv\Lib\site-packages\MySQLdb\cursors.py", line 330, in _query
    db.query(q)
    ~~~~~~~~^^^
  File "D:\SynologyDrive\个人文件\pycode\server_management\.venv\Lib\site-packages\MySQLdb\connections.py", line 280, in query
    _mysql.connection.query(self, query)
    ~~~~~~~~~~~~~~~~~~~~~~~^^^^^^^^^^^^^
django.db.utils.OperationalError: (2006, 'Server has gone away')
ERROR 2026-06-22 09:56:49,971 permission 检查过期密码时出错: (2006, 'Server has gone away')
Traceback (most recent call last):
  File "D:\SynologyDrive\个人文件\pycode\server_management\.venv\Lib\site-packages\django\db\backends\utils.py", line 105, in _execute
    return self.cursor.execute(sql, params)
           ~~~~~~~~~~~~~~~~~~~^^^^^^^^^^^^^
  File "D:\SynologyDrive\个人文件\pycode\server_management\.venv\Lib\site-packages\django\db\backends\mysql\base.py", line 76, in execute
    return self.cursor.execute(query, args)
           ~~~~~~~~~~~~~~~~~~~^^^^^^^^^^^^^
  File "D:\SynologyDrive\个人文件\pycode\server_management\.venv\Lib\site-packages\MySQLdb\cursors.py", line 179, in execute
    res = self._query(mogrified_query)
  File "D:\SynologyDrive\个人文件\pycode\server_management\.venv\Lib\site-packages\MySQLdb\cursors.py", line 330, in _query
    db.query(q)
    ~~~~~~~~^^^
  File "D:\SynologyDrive\个人文件\pycode\server_management\.venv\Lib\site-packages\MySQLdb\connections.py", line 280, in query
    _mysql.connection.query(self, query)
    ~~~~~~~~~~~~~~~~~~~~~~~^^^^^^^^^^^^^
MySQLdb.OperationalError: (2006, 'Server has gone away')

The above exception was the direct cause of the following exception:

Traceback (most recent call last):
  File "D:\SynologyDrive\个人文件\pycode\server_management\app01\views\permission.py", line 126, in check_expired_passwords
    if expired_servers.exists() or auto_expired_servers.exists():
       ~~~~~~~~~~~~~~~~~~~~~~^^
  File "D:\SynologyDrive\个人文件\pycode\server_management\.venv\Lib\site-packages\django\db\models\query.py", line 1296, in exists
    return self.query.has_results(using=self.db)
           ~~~~~~~~~~~~~~~~~~~~~~^^^^^^^^^^^^^^^
  File "D:\SynologyDrive\个人文件\pycode\server_management\.venv\Lib\site-packages\django\db\models\sql\query.py", line 674, in has_results
    return compiler.has_results()
           ~~~~~~~~~~~~~~~~~~~~^^
  File "D:\SynologyDrive\个人文件\pycode\server_management\.venv\Lib\site-packages\django\db\models\sql\compiler.py", line 1591, in has_results
    return bool(self.execute_sql(SINGLE))
                ~~~~~~~~~~~~~~~~^^^^^^^^
  File "D:\SynologyDrive\个人文件\pycode\server_management\.venv\Lib\site-packages\django\db\models\sql\compiler.py", line 1623, in execute_sql
    cursor.execute(sql, params)
    ~~~~~~~~~~~~~~^^^^^^^^^^^^^
  File "D:\SynologyDrive\个人文件\pycode\server_management\.venv\Lib\site-packages\django\db\backends\utils.py", line 122, in execute
    return super().execute(sql, params)
           ~~~~~~~~~~~~~~~^^^^^^^^^^^^^
  File "D:\SynologyDrive\个人文件\pycode\server_management\.venv\Lib\site-packages\django\db\backends\utils.py", line 79, in execute
    return self._execute_with_wrappers(
           ~~~~~~~~~~~~~~~~~~~~~~~~~~~^
        sql, params, many=False, executor=self._execute
        ^^^^^^^^^^^^^^^^^^^^^^^^^^^^^^^^^^^^^^^^^^^^^^^
    )
    ^
  File "D:\SynologyDrive\个人文件\pycode\server_management\.venv\Lib\site-packages\django\db\backends\utils.py", line 92, in _execute_with_wrappers
    return executor(sql, params, many, context)
  File "D:\SynologyDrive\个人文件\pycode\server_management\.venv\Lib\site-packages\django\db\backends\utils.py", line 100, in _execute
    with self.db.wrap_database_errors:
         ^^^^^^^^^^^^^^^^^^^^^^^^^^^^
  File "D:\SynologyDrive\个人文件\pycode\server_management\.venv\Lib\site-packages\django\db\utils.py", line 91, in __exit__
    raise dj_exc_value.with_traceback(traceback) from exc_value
  File "D:\SynologyDrive\个人文件\pycode\server_management\.venv\Lib\site-packages\django\db\backends\utils.py", line 105, in _execute
    return self.cursor.execute(sql, params)
           ~~~~~~~~~~~~~~~~~~~^^^^^^^^^^^^^
  File "D:\SynologyDrive\个人文件\pycode\server_management\.venv\Lib\site-packages\django\db\backends\mysql\base.py", line 76, in execute
    return self.cursor.execute(query, args)
           ~~~~~~~~~~~~~~~~~~~^^^^^^^^^^^^^
  File "D:\SynologyDrive\个人文件\pycode\server_management\.venv\Lib\site-packages\MySQLdb\cursors.py", line 179, in execute
    res = self._query(mogrified_query)
  File "D:\SynologyDrive\个人文件\pycode\server_management\.venv\Lib\site-packages\MySQLdb\cursors.py", line 330, in _query
    db.query(q)
    ~~~~~~~~^^^
  File "D:\SynologyDrive\个人文件\pycode\server_management\.venv\Lib\site-packages\MySQLdb\connections.py", line 280, in query
    _mysql.connection.query(self, query)
    ~~~~~~~~~~~~~~~~~~~~~~~^^^^^^^^^^^^^
django.db.utils.OperationalError: (2006, 'Server has gone away')
ERROR 2026-06-22 10:01:49,975 permission 检查过期密码时出错: (2006, 'Server has gone away')
Traceback (most recent call last):
  File "D:\SynologyDrive\个人文件\pycode\server_management\.venv\Lib\site-packages\django\db\backends\utils.py", line 105, in _execute
    return self.cursor.execute(sql, params)
           ~~~~~~~~~~~~~~~~~~~^^^^^^^^^^^^^
  File "D:\SynologyDrive\个人文件\pycode\server_management\.venv\Lib\site-packages\django\db\backends\mysql\base.py", line 76, in execute
    return self.cursor.execute(query, args)
           ~~~~~~~~~~~~~~~~~~~^^^^^^^^^^^^^
  File "D:\SynologyDrive\个人文件\pycode\server_management\.venv\Lib\site-packages\MySQLdb\cursors.py", line 179, in execute
    res = self._query(mogrified_query)
  File "D:\SynologyDrive\个人文件\pycode\server_management\.venv\Lib\site-packages\MySQLdb\cursors.py", line 330, in _query
    db.query(q)
    ~~~~~~~~^^^
  File "D:\SynologyDrive\个人文件\pycode\server_management\.venv\Lib\site-packages\MySQLdb\connections.py", line 280, in query
    _mysql.connection.query(self, query)
    ~~~~~~~~~~~~~~~~~~~~~~~^^^^^^^^^^^^^
MySQLdb.OperationalError: (2006, 'Server has gone away')

The above exception was the direct cause of the following exception:

Traceback (most recent call last):
  File "D:\SynologyDrive\个人文件\pycode\server_management\app01\views\permission.py", line 126, in check_expired_passwords
    if expired_servers.exists() or auto_expired_servers.exists():
       ~~~~~~~~~~~~~~~~~~~~~~^^
  File "D:\SynologyDrive\个人文件\pycode\server_management\.venv\Lib\site-packages\django\db\models\query.py", line 1296, in exists
    return self.query.has_results(using=self.db)
           ~~~~~~~~~~~~~~~~~~~~~~^^^^^^^^^^^^^^^
  File "D:\SynologyDrive\个人文件\pycode\server_management\.venv\Lib\site-packages\django\db\models\sql\query.py", line 674, in has_results
    return compiler.has_results()
           ~~~~~~~~~~~~~~~~~~~~^^
  File "D:\SynologyDrive\个人文件\pycode\server_management\.venv\Lib\site-packages\django\db\models\sql\compiler.py", line 1591, in has_results
    return bool(self.execute_sql(SINGLE))
                ~~~~~~~~~~~~~~~~^^^^^^^^
  File "D:\SynologyDrive\个人文件\pycode\server_management\.venv\Lib\site-packages\django\db\models\sql\compiler.py", line 1623, in execute_sql
    cursor.execute(sql, params)
    ~~~~~~~~~~~~~~^^^^^^^^^^^^^
  File "D:\SynologyDrive\个人文件\pycode\server_management\.venv\Lib\site-packages\django\db\backends\utils.py", line 122, in execute
    return super().execute(sql, params)
           ~~~~~~~~~~~~~~~^^^^^^^^^^^^^
  File "D:\SynologyDrive\个人文件\pycode\server_management\.venv\Lib\site-packages\django\db\backends\utils.py", line 79, in execute
    return self._execute_with_wrappers(
           ~~~~~~~~~~~~~~~~~~~~~~~~~~~^
        sql, params, many=False, executor=self._execute
        ^^^^^^^^^^^^^^^^^^^^^^^^^^^^^^^^^^^^^^^^^^^^^^^
    )
    ^
  File "D:\SynologyDrive\个人文件\pycode\server_management\.venv\Lib\site-packages\django\db\backends\utils.py", line 92, in _execute_with_wrappers
    return executor(sql, params, many, context)
  File "D:\SynologyDrive\个人文件\pycode\server_management\.venv\Lib\site-packages\django\db\backends\utils.py", line 100, in _execute
    with self.db.wrap_database_errors:
         ^^^^^^^^^^^^^^^^^^^^^^^^^^^^
  File "D:\SynologyDrive\个人文件\pycode\server_management\.venv\Lib\site-packages\django\db\utils.py", line 91, in __exit__
    raise dj_exc_value.with_traceback(traceback) from exc_value
  File "D:\SynologyDrive\个人文件\pycode\server_management\.venv\Lib\site-packages\django\db\backends\utils.py", line 105, in _execute
    return self.cursor.execute(sql, params)
           ~~~~~~~~~~~~~~~~~~~^^^^^^^^^^^^^
  File "D:\SynologyDrive\个人文件\pycode\server_management\.venv\Lib\site-packages\django\db\backends\mysql\base.py", line 76, in execute
    return self.cursor.execute(query, args)
           ~~~~~~~~~~~~~~~~~~~^^^^^^^^^^^^^
  File "D:\SynologyDrive\个人文件\pycode\server_management\.venv\Lib\site-packages\MySQLdb\cursors.py", line 179, in execute
    res = self._query(mogrified_query)
  File "D:\SynologyDrive\个人文件\pycode\server_management\.venv\Lib\site-packages\MySQLdb\cursors.py", line 330, in _query
    db.query(q)
    ~~~~~~~~^^^
  File "D:\SynologyDrive\个人文件\pycode\server_management\.venv\Lib\site-packages\MySQLdb\connections.py", line 280, in query
    _mysql.connection.query(self, query)
    ~~~~~~~~~~~~~~~~~~~~~~~^^^^^^^^^^^^^
django.db.utils.OperationalError: (2006, 'Server has gone away')
ERROR 2026-06-22 10:06:49,979 permission 检查过期密码时出错: (2006, 'Server has gone away')
Traceback (most recent call last):
  File "D:\SynologyDrive\个人文件\pycode\server_management\.venv\Lib\site-packages\django\db\backends\utils.py", line 105, in _execute
    return self.cursor.execute(sql, params)
           ~~~~~~~~~~~~~~~~~~~^^^^^^^^^^^^^
  File "D:\SynologyDrive\个人文件\pycode\server_management\.venv\Lib\site-packages\django\db\backends\mysql\base.py", line 76, in execute
    return self.cursor.execute(query, args)
           ~~~~~~~~~~~~~~~~~~~^^^^^^^^^^^^^
  File "D:\SynologyDrive\个人文件\pycode\server_management\.venv\Lib\site-packages\MySQLdb\cursors.py", line 179, in execute
    res = self._query(mogrified_query)
  File "D:\SynologyDrive\个人文件\pycode\server_management\.venv\Lib\site-packages\MySQLdb\cursors.py", line 330, in _query
    db.query(q)
    ~~~~~~~~^^^
  File "D:\SynologyDrive\个人文件\pycode\server_management\.venv\Lib\site-packages\MySQLdb\connections.py", line 280, in query
    _mysql.connection.query(self, query)
    ~~~~~~~~~~~~~~~~~~~~~~~^^^^^^^^^^^^^
MySQLdb.OperationalError: (2006, 'Server has gone away')

The above exception was the direct cause of the following exception:

Traceback (most recent call last):
  File "D:\SynologyDrive\个人文件\pycode\server_management\app01\views\permission.py", line 126, in check_expired_passwords
    if expired_servers.exists() or auto_expired_servers.exists():
       ~~~~~~~~~~~~~~~~~~~~~~^^
  File "D:\SynologyDrive\个人文件\pycode\server_management\.venv\Lib\site-packages\django\db\models\query.py", line 1296, in exists
    return self.query.has_results(using=self.db)
           ~~~~~~~~~~~~~~~~~~~~~~^^^^^^^^^^^^^^^
  File "D:\SynologyDrive\个人文件\pycode\server_management\.venv\Lib\site-packages\django\db\models\sql\query.py", line 674, in has_results
    return compiler.has_results()
           ~~~~~~~~~~~~~~~~~~~~^^
  File "D:\SynologyDrive\个人文件\pycode\server_management\.venv\Lib\site-packages\django\db\models\sql\compiler.py", line 1591, in has_results
    return bool(self.execute_sql(SINGLE))
                ~~~~~~~~~~~~~~~~^^^^^^^^
  File "D:\SynologyDrive\个人文件\pycode\server_management\.venv\Lib\site-packages\django\db\models\sql\compiler.py", line 1623, in execute_sql
    cursor.execute(sql, params)
    ~~~~~~~~~~~~~~^^^^^^^^^^^^^
  File "D:\SynologyDrive\个人文件\pycode\server_management\.venv\Lib\site-packages\django\db\backends\utils.py", line 122, in execute
    return super().execute(sql, params)
           ~~~~~~~~~~~~~~~^^^^^^^^^^^^^
  File "D:\SynologyDrive\个人文件\pycode\server_management\.venv\Lib\site-packages\django\db\backends\utils.py", line 79, in execute
    return self._execute_with_wrappers(
           ~~~~~~~~~~~~~~~~~~~~~~~~~~~^
        sql, params, many=False, executor=self._execute
        ^^^^^^^^^^^^^^^^^^^^^^^^^^^^^^^^^^^^^^^^^^^^^^^
    )
    ^
  File "D:\SynologyDrive\个人文件\pycode\server_management\.venv\Lib\site-packages\django\db\backends\utils.py", line 92, in _execute_with_wrappers
    return executor(sql, params, many, context)
  File "D:\SynologyDrive\个人文件\pycode\server_management\.venv\Lib\site-packages\django\db\backends\utils.py", line 100, in _execute
    with self.db.wrap_database_errors:
         ^^^^^^^^^^^^^^^^^^^^^^^^^^^^
  File "D:\SynologyDrive\个人文件\pycode\server_management\.venv\Lib\site-packages\django\db\utils.py", line 91, in __exit__
    raise dj_exc_value.with_traceback(traceback) from exc_value
  File "D:\SynologyDrive\个人文件\pycode\server_management\.venv\Lib\site-packages\django\db\backends\utils.py", line 105, in _execute
    return self.cursor.execute(sql, params)
           ~~~~~~~~~~~~~~~~~~~^^^^^^^^^^^^^
  File "D:\SynologyDrive\个人文件\pycode\server_management\.venv\Lib\site-packages\django\db\backends\mysql\base.py", line 76, in execute
    return self.cursor.execute(query, args)
           ~~~~~~~~~~~~~~~~~~~^^^^^^^^^^^^^
  File "D:\SynologyDrive\个人文件\pycode\server_management\.venv\Lib\site-packages\MySQLdb\cursors.py", line 179, in execute
    res = self._query(mogrified_query)
  File "D:\SynologyDrive\个人文件\pycode\server_management\.venv\Lib\site-packages\MySQLdb\cursors.py", line 330, in _query
    db.query(q)
    ~~~~~~~~^^^
  File "D:\SynologyDrive\个人文件\pycode\server_management\.venv\Lib\site-packages\MySQLdb\connections.py", line 280, in query
    _mysql.connection.query(self, query)
    ~~~~~~~~~~~~~~~~~~~~~~~^^^^^^^^^^^^^
django.db.utils.OperationalError: (2006, 'Server has gone away')
ERROR 2026-06-22 10:11:49,983 permission 检查过期密码时出错: (2006, 'Server has gone away')
Traceback (most recent call last):
  File "D:\SynologyDrive\个人文件\pycode\server_management\.venv\Lib\site-packages\django\db\backends\utils.py", line 105, in _execute
    return self.cursor.execute(sql, params)
           ~~~~~~~~~~~~~~~~~~~^^^^^^^^^^^^^
  File "D:\SynologyDrive\个人文件\pycode\server_management\.venv\Lib\site-packages\django\db\backends\mysql\base.py", line 76, in execute
    return self.cursor.execute(query, args)
           ~~~~~~~~~~~~~~~~~~~^^^^^^^^^^^^^
  File "D:\SynologyDrive\个人文件\pycode\server_management\.venv\Lib\site-packages\MySQLdb\cursors.py", line 179, in execute
    res = self._query(mogrified_query)
  File "D:\SynologyDrive\个人文件\pycode\server_management\.venv\Lib\site-packages\MySQLdb\cursors.py", line 330, in _query
    db.query(q)
    ~~~~~~~~^^^
  File "D:\SynologyDrive\个人文件\pycode\server_management\.venv\Lib\site-packages\MySQLdb\connections.py", line 280, in query
    _mysql.connection.query(self, query)
    ~~~~~~~~~~~~~~~~~~~~~~~^^^^^^^^^^^^^
MySQLdb.OperationalError: (2006, 'Server has gone away')

The above exception was the direct cause of the following exception:

Traceback (most recent call last):
  File "D:\SynologyDrive\个人文件\pycode\server_management\app01\views\permission.py", line 126, in check_expired_passwords
    if expired_servers.exists() or auto_expired_servers.exists():
       ~~~~~~~~~~~~~~~~~~~~~~^^
  File "D:\SynologyDrive\个人文件\pycode\server_management\.venv\Lib\site-packages\django\db\models\query.py", line 1296, in exists
    return self.query.has_results(using=self.db)
           ~~~~~~~~~~~~~~~~~~~~~~^^^^^^^^^^^^^^^
  File "D:\SynologyDrive\个人文件\pycode\server_management\.venv\Lib\site-packages\django\db\models\sql\query.py", line 674, in has_results
    return compiler.has_results()
           ~~~~~~~~~~~~~~~~~~~~^^
  File "D:\SynologyDrive\个人文件\pycode\server_management\.venv\Lib\site-packages\django\db\models\sql\compiler.py", line 1591, in has_results
    return bool(self.execute_sql(SINGLE))
                ~~~~~~~~~~~~~~~~^^^^^^^^
  File "D:\SynologyDrive\个人文件\pycode\server_management\.venv\Lib\site-packages\django\db\models\sql\compiler.py", line 1623, in execute_sql
    cursor.execute(sql, params)
    ~~~~~~~~~~~~~~^^^^^^^^^^^^^
  File "D:\SynologyDrive\个人文件\pycode\server_management\.venv\Lib\site-packages\django\db\backends\utils.py", line 122, in execute
    return super().execute(sql, params)
           ~~~~~~~~~~~~~~~^^^^^^^^^^^^^
  File "D:\SynologyDrive\个人文件\pycode\server_management\.venv\Lib\site-packages\django\db\backends\utils.py", line 79, in execute
    return self._execute_with_wrappers(
           ~~~~~~~~~~~~~~~~~~~~~~~~~~~^
        sql, params, many=False, executor=self._execute
        ^^^^^^^^^^^^^^^^^^^^^^^^^^^^^^^^^^^^^^^^^^^^^^^
    )
    ^
  File "D:\SynologyDrive\个人文件\pycode\server_management\.venv\Lib\site-packages\django\db\backends\utils.py", line 92, in _execute_with_wrappers
    return executor(sql, params, many, context)
  File "D:\SynologyDrive\个人文件\pycode\server_management\.venv\Lib\site-packages\django\db\backends\utils.py", line 100, in _execute
    with self.db.wrap_database_errors:
         ^^^^^^^^^^^^^^^^^^^^^^^^^^^^
  File "D:\SynologyDrive\个人文件\pycode\server_management\.venv\Lib\site-packages\django\db\utils.py", line 91, in __exit__
    raise dj_exc_value.with_traceback(traceback) from exc_value
  File "D:\SynologyDrive\个人文件\pycode\server_management\.venv\Lib\site-packages\django\db\backends\utils.py", line 105, in _execute
    return self.cursor.execute(sql, params)
           ~~~~~~~~~~~~~~~~~~~^^^^^^^^^^^^^
  File "D:\SynologyDrive\个人文件\pycode\server_management\.venv\Lib\site-packages\django\db\backends\mysql\base.py", line 76, in execute
    return self.cursor.execute(query, args)
           ~~~~~~~~~~~~~~~~~~~^^^^^^^^^^^^^
  File "D:\SynologyDrive\个人文件\pycode\server_management\.venv\Lib\site-packages\MySQLdb\cursors.py", line 179, in execute
    res = self._query(mogrified_query)
  File "D:\SynologyDrive\个人文件\pycode\server_management\.venv\Lib\site-packages\MySQLdb\cursors.py", line 330, in _query
    db.query(q)
    ~~~~~~~~^^^
  File "D:\SynologyDrive\个人文件\pycode\server_management\.venv\Lib\site-packages\MySQLdb\connections.py", line 280, in query
    _mysql.connection.query(self, query)
    ~~~~~~~~~~~~~~~~~~~~~~~^^^^^^^^^^^^^
django.db.utils.OperationalError: (2006, 'Server has gone away')
ERROR 2026-06-22 10:16:49,987 permission 检查过期密码时出错: (2006, 'Server has gone away')
Traceback (most recent call last):
  File "D:\SynologyDrive\个人文件\pycode\server_management\.venv\Lib\site-packages\django\db\backends\utils.py", line 105, in _execute
    return self.cursor.execute(sql, params)
           ~~~~~~~~~~~~~~~~~~~^^^^^^^^^^^^^
  File "D:\SynologyDrive\个人文件\pycode\server_management\.venv\Lib\site-packages\django\db\backends\mysql\base.py", line 76, in execute
    return self.cursor.execute(query, args)
           ~~~~~~~~~~~~~~~~~~~^^^^^^^^^^^^^
  File "D:\SynologyDrive\个人文件\pycode\server_management\.venv\Lib\site-packages\MySQLdb\cursors.py", line 179, in execute
    res = self._query(mogrified_query)
  File "D:\SynologyDrive\个人文件\pycode\server_management\.venv\Lib\site-packages\MySQLdb\cursors.py", line 330, in _query
    db.query(q)
    ~~~~~~~~^^^
  File "D:\SynologyDrive\个人文件\pycode\server_management\.venv\Lib\site-packages\MySQLdb\connections.py", line 280, in query
    _mysql.connection.query(self, query)
    ~~~~~~~~~~~~~~~~~~~~~~~^^^^^^^^^^^^^
MySQLdb.OperationalError: (2006, 'Server has gone away')

The above exception was the direct cause of the following exception:

Traceback (most recent call last):
  File "D:\SynologyDrive\个人文件\pycode\server_management\app01\views\permission.py", line 126, in check_expired_passwords
    if expired_servers.exists() or auto_expired_servers.exists():
       ~~~~~~~~~~~~~~~~~~~~~~^^
  File "D:\SynologyDrive\个人文件\pycode\server_management\.venv\Lib\site-packages\django\db\models\query.py", line 1296, in exists
    return self.query.has_results(using=self.db)
           ~~~~~~~~~~~~~~~~~~~~~~^^^^^^^^^^^^^^^
  File "D:\SynologyDrive\个人文件\pycode\server_management\.venv\Lib\site-packages\django\db\models\sql\query.py", line 674, in has_results
    return compiler.has_results()
           ~~~~~~~~~~~~~~~~~~~~^^
  File "D:\SynologyDrive\个人文件\pycode\server_management\.venv\Lib\site-packages\django\db\models\sql\compiler.py", line 1591, in has_results
    return bool(self.execute_sql(SINGLE))
                ~~~~~~~~~~~~~~~~^^^^^^^^
  File "D:\SynologyDrive\个人文件\pycode\server_management\.venv\Lib\site-packages\django\db\models\sql\compiler.py", line 1623, in execute_sql
    cursor.execute(sql, params)
    ~~~~~~~~~~~~~~^^^^^^^^^^^^^
  File "D:\SynologyDrive\个人文件\pycode\server_management\.venv\Lib\site-packages\django\db\backends\utils.py", line 122, in execute
    return super().execute(sql, params)
           ~~~~~~~~~~~~~~~^^^^^^^^^^^^^
  File "D:\SynologyDrive\个人文件\pycode\server_management\.venv\Lib\site-packages\django\db\backends\utils.py", line 79, in execute
    return self._execute_with_wrappers(
           ~~~~~~~~~~~~~~~~~~~~~~~~~~~^
        sql, params, many=False, executor=self._execute
        ^^^^^^^^^^^^^^^^^^^^^^^^^^^^^^^^^^^^^^^^^^^^^^^
    )
    ^
  File "D:\SynologyDrive\个人文件\pycode\server_management\.venv\Lib\site-packages\django\db\backends\utils.py", line 92, in _execute_with_wrappers
    return executor(sql, params, many, context)
  File "D:\SynologyDrive\个人文件\pycode\server_management\.venv\Lib\site-packages\django\db\backends\utils.py", line 100, in _execute
    with self.db.wrap_database_errors:
         ^^^^^^^^^^^^^^^^^^^^^^^^^^^^
  File "D:\SynologyDrive\个人文件\pycode\server_management\.venv\Lib\site-packages\django\db\utils.py", line 91, in __exit__
    raise dj_exc_value.with_traceback(traceback) from exc_value
  File "D:\SynologyDrive\个人文件\pycode\server_management\.venv\Lib\site-packages\django\db\backends\utils.py", line 105, in _execute
    return self.cursor.execute(sql, params)
           ~~~~~~~~~~~~~~~~~~~^^^^^^^^^^^^^
  File "D:\SynologyDrive\个人文件\pycode\server_management\.venv\Lib\site-packages\django\db\backends\mysql\base.py", line 76, in execute
    return self.cursor.execute(query, args)
           ~~~~~~~~~~~~~~~~~~~^^^^^^^^^^^^^
  File "D:\SynologyDrive\个人文件\pycode\server_management\.venv\Lib\site-packages\MySQLdb\cursors.py", line 179, in execute
    res = self._query(mogrified_query)
  File "D:\SynologyDrive\个人文件\pycode\server_management\.venv\Lib\site-packages\MySQLdb\cursors.py", line 330, in _query
    db.query(q)
    ~~~~~~~~^^^
  File "D:\SynologyDrive\个人文件\pycode\server_management\.venv\Lib\site-packages\MySQLdb\connections.py", line 280, in query
    _mysql.connection.query(self, query)
    ~~~~~~~~~~~~~~~~~~~~~~~^^^^^^^^^^^^^
django.db.utils.OperationalError: (2006, 'Server has gone away')
ERROR 2026-06-22 10:21:49,990 permission 检查过期密码时出错: (2006, 'Server has gone away')
Traceback (most recent call last):
  File "D:\SynologyDrive\个人文件\pycode\server_management\.venv\Lib\site-packages\django\db\backends\utils.py", line 105, in _execute
    return self.cursor.execute(sql, params)
           ~~~~~~~~~~~~~~~~~~~^^^^^^^^^^^^^
  File "D:\SynologyDrive\个人文件\pycode\server_management\.venv\Lib\site-packages\django\db\backends\mysql\base.py", line 76, in execute
    return self.cursor.execute(query, args)
           ~~~~~~~~~~~~~~~~~~~^^^^^^^^^^^^^
  File "D:\SynologyDrive\个人文件\pycode\server_management\.venv\Lib\site-packages\MySQLdb\cursors.py", line 179, in execute
    res = self._query(mogrified_query)
  File "D:\SynologyDrive\个人文件\pycode\server_management\.venv\Lib\site-packages\MySQLdb\cursors.py", line 330, in _query
    db.query(q)
    ~~~~~~~~^^^
  File "D:\SynologyDrive\个人文件\pycode\server_management\.venv\Lib\site-packages\MySQLdb\connections.py", line 280, in query
    _mysql.connection.query(self, query)
    ~~~~~~~~~~~~~~~~~~~~~~~^^^^^^^^^^^^^
MySQLdb.OperationalError: (2006, 'Server has gone away')

The above exception was the direct cause of the following exception:

Traceback (most recent call last):
  File "D:\SynologyDrive\个人文件\pycode\server_management\app01\views\permission.py", line 126, in check_expired_passwords
    if expired_servers.exists() or auto_expired_servers.exists():
       ~~~~~~~~~~~~~~~~~~~~~~^^
  File "D:\SynologyDrive\个人文件\pycode\server_management\.venv\Lib\site-packages\django\db\models\query.py", line 1296, in exists
    return self.query.has_results(using=self.db)
           ~~~~~~~~~~~~~~~~~~~~~~^^^^^^^^^^^^^^^
  File "D:\SynologyDrive\个人文件\pycode\server_management\.venv\Lib\site-packages\django\db\models\sql\query.py", line 674, in has_results
    return compiler.has_results()
           ~~~~~~~~~~~~~~~~~~~~^^
  File "D:\SynologyDrive\个人文件\pycode\server_management\.venv\Lib\site-packages\django\db\models\sql\compiler.py", line 1591, in has_results
    return bool(self.execute_sql(SINGLE))
                ~~~~~~~~~~~~~~~~^^^^^^^^
  File "D:\SynologyDrive\个人文件\pycode\server_management\.venv\Lib\site-packages\django\db\models\sql\compiler.py", line 1623, in execute_sql
    cursor.execute(sql, params)
    ~~~~~~~~~~~~~~^^^^^^^^^^^^^
  File "D:\SynologyDrive\个人文件\pycode\server_management\.venv\Lib\site-packages\django\db\backends\utils.py", line 122, in execute
    return super().execute(sql, params)
           ~~~~~~~~~~~~~~~^^^^^^^^^^^^^
  File "D:\SynologyDrive\个人文件\pycode\server_management\.venv\Lib\site-packages\django\db\backends\utils.py", line 79, in execute
    return self._execute_with_wrappers(
           ~~~~~~~~~~~~~~~~~~~~~~~~~~~^
        sql, params, many=False, executor=self._execute
        ^^^^^^^^^^^^^^^^^^^^^^^^^^^^^^^^^^^^^^^^^^^^^^^
    )
    ^
  File "D:\SynologyDrive\个人文件\pycode\server_management\.venv\Lib\site-packages\django\db\backends\utils.py", line 92, in _execute_with_wrappers
    return executor(sql, params, many, context)
  File "D:\SynologyDrive\个人文件\pycode\server_management\.venv\Lib\site-packages\django\db\backends\utils.py", line 100, in _execute
    with self.db.wrap_database_errors:
         ^^^^^^^^^^^^^^^^^^^^^^^^^^^^
  File "D:\SynologyDrive\个人文件\pycode\server_management\.venv\Lib\site-packages\django\db\utils.py", line 91, in __exit__
    raise dj_exc_value.with_traceback(traceback) from exc_value
  File "D:\SynologyDrive\个人文件\pycode\server_management\.venv\Lib\site-packages\django\db\backends\utils.py", line 105, in _execute
    return self.cursor.execute(sql, params)
           ~~~~~~~~~~~~~~~~~~~^^^^^^^^^^^^^
  File "D:\SynologyDrive\个人文件\pycode\server_management\.venv\Lib\site-packages\django\db\backends\mysql\base.py", line 76, in execute
    return self.cursor.execute(query, args)
           ~~~~~~~~~~~~~~~~~~~^^^^^^^^^^^^^
  File "D:\SynologyDrive\个人文件\pycode\server_management\.venv\Lib\site-packages\MySQLdb\cursors.py", line 179, in execute
    res = self._query(mogrified_query)
  File "D:\SynologyDrive\个人文件\pycode\server_management\.venv\Lib\site-packages\MySQLdb\cursors.py", line 330, in _query
    db.query(q)
    ~~~~~~~~^^^
  File "D:\SynologyDrive\个人文件\pycode\server_management\.venv\Lib\site-packages\MySQLdb\connections.py", line 280, in query
    _mysql.connection.query(self, query)
    ~~~~~~~~~~~~~~~~~~~~~~~^^^^^^^^^^^^^
django.db.utils.OperationalError: (2006, 'Server has gone away')
ERROR 2026-06-22 10:26:49,995 permission 检查过期密码时出错: (2006, 'Server has gone away')
Traceback (most recent call last):
  File "D:\SynologyDrive\个人文件\pycode\server_management\.venv\Lib\site-packages\django\db\backends\utils.py", line 105, in _execute
    return self.cursor.execute(sql, params)
           ~~~~~~~~~~~~~~~~~~~^^^^^^^^^^^^^
  File "D:\SynologyDrive\个人文件\pycode\server_management\.venv\Lib\site-packages\django\db\backends\mysql\base.py", line 76, in execute
    return self.cursor.execute(query, args)
           ~~~~~~~~~~~~~~~~~~~^^^^^^^^^^^^^
  File "D:\SynologyDrive\个人文件\pycode\server_management\.venv\Lib\site-packages\MySQLdb\cursors.py", line 179, in execute
    res = self._query(mogrified_query)
  File "D:\SynologyDrive\个人文件\pycode\server_management\.venv\Lib\site-packages\MySQLdb\cursors.py", line 330, in _query
    db.query(q)
    ~~~~~~~~^^^
  File "D:\SynologyDrive\个人文件\pycode\server_management\.venv\Lib\site-packages\MySQLdb\connections.py", line 280, in query
    _mysql.connection.query(self, query)
    ~~~~~~~~~~~~~~~~~~~~~~~^^^^^^^^^^^^^
MySQLdb.OperationalError: (2006, 'Server has gone away')

The above exception was the direct cause of the following exception:

Traceback (most recent call last):
  File "D:\SynologyDrive\个人文件\pycode\server_management\app01\views\permission.py", line 126, in check_expired_passwords
    if expired_servers.exists() or auto_expired_servers.exists():
       ~~~~~~~~~~~~~~~~~~~~~~^^
  File "D:\SynologyDrive\个人文件\pycode\server_management\.venv\Lib\site-packages\django\db\models\query.py", line 1296, in exists
    return self.query.has_results(using=self.db)
           ~~~~~~~~~~~~~~~~~~~~~~^^^^^^^^^^^^^^^
  File "D:\SynologyDrive\个人文件\pycode\server_management\.venv\Lib\site-packages\django\db\models\sql\query.py", line 674, in has_results
    return compiler.has_results()
           ~~~~~~~~~~~~~~~~~~~~^^
  File "D:\SynologyDrive\个人文件\pycode\server_management\.venv\Lib\site-packages\django\db\models\sql\compiler.py", line 1591, in has_results
    return bool(self.execute_sql(SINGLE))
                ~~~~~~~~~~~~~~~~^^^^^^^^
  File "D:\SynologyDrive\个人文件\pycode\server_management\.venv\Lib\site-packages\django\db\models\sql\compiler.py", line 1623, in execute_sql
    cursor.execute(sql, params)
    ~~~~~~~~~~~~~~^^^^^^^^^^^^^
  File "D:\SynologyDrive\个人文件\pycode\server_management\.venv\Lib\site-packages\django\db\backends\utils.py", line 122, in execute
    return super().execute(sql, params)
           ~~~~~~~~~~~~~~~^^^^^^^^^^^^^
  File "D:\SynologyDrive\个人文件\pycode\server_management\.venv\Lib\site-packages\django\db\backends\utils.py", line 79, in execute
    return self._execute_with_wrappers(
           ~~~~~~~~~~~~~~~~~~~~~~~~~~~^
        sql, params, many=False, executor=self._execute
        ^^^^^^^^^^^^^^^^^^^^^^^^^^^^^^^^^^^^^^^^^^^^^^^
    )
    ^
  File "D:\SynologyDrive\个人文件\pycode\server_management\.venv\Lib\site-packages\django\db\backends\utils.py", line 92, in _execute_with_wrappers
    return executor(sql, params, many, context)
  File "D:\SynologyDrive\个人文件\pycode\server_management\.venv\Lib\site-packages\django\db\backends\utils.py", line 100, in _execute
    with self.db.wrap_database_errors:
         ^^^^^^^^^^^^^^^^^^^^^^^^^^^^
  File "D:\SynologyDrive\个人文件\pycode\server_management\.venv\Lib\site-packages\django\db\utils.py", line 91, in __exit__
    raise dj_exc_value.with_traceback(traceback) from exc_value
  File "D:\SynologyDrive\个人文件\pycode\server_management\.venv\Lib\site-packages\django\db\backends\utils.py", line 105, in _execute
    return self.cursor.execute(sql, params)
           ~~~~~~~~~~~~~~~~~~~^^^^^^^^^^^^^
  File "D:\SynologyDrive\个人文件\pycode\server_management\.venv\Lib\site-packages\django\db\backends\mysql\base.py", line 76, in execute
    return self.cursor.execute(query, args)
           ~~~~~~~~~~~~~~~~~~~^^^^^^^^^^^^^
  File "D:\SynologyDrive\个人文件\pycode\server_management\.venv\Lib\site-packages\MySQLdb\cursors.py", line 179, in execute
    res = self._query(mogrified_query)
  File "D:\SynologyDrive\个人文件\pycode\server_management\.venv\Lib\site-packages\MySQLdb\cursors.py", line 330, in _query
    db.query(q)
    ~~~~~~~~^^^
  File "D:\SynologyDrive\个人文件\pycode\server_management\.venv\Lib\site-packages\MySQLdb\connections.py", line 280, in query
    _mysql.connection.query(self, query)
    ~~~~~~~~~~~~~~~~~~~~~~~^^^^^^^^^^^^^
django.db.utils.OperationalError: (2006, 'Server has gone away')
ERROR 2026-06-22 10:31:49,998 permission 检查过期密码时出错: (2006, 'Server has gone away')
Traceback (most recent call last):
  File "D:\SynologyDrive\个人文件\pycode\server_management\.venv\Lib\site-packages\django\db\backends\utils.py", line 105, in _execute
    return self.cursor.execute(sql, params)
           ~~~~~~~~~~~~~~~~~~~^^^^^^^^^^^^^
  File "D:\SynologyDrive\个人文件\pycode\server_management\.venv\Lib\site-packages\django\db\backends\mysql\base.py", line 76, in execute
    return self.cursor.execute(query, args)
           ~~~~~~~~~~~~~~~~~~~^^^^^^^^^^^^^
  File "D:\SynologyDrive\个人文件\pycode\server_management\.venv\Lib\site-packages\MySQLdb\cursors.py", line 179, in execute
    res = self._query(mogrified_query)
  File "D:\SynologyDrive\个人文件\pycode\server_management\.venv\Lib\site-packages\MySQLdb\cursors.py", line 330, in _query
    db.query(q)
    ~~~~~~~~^^^
  File "D:\SynologyDrive\个人文件\pycode\server_management\.venv\Lib\site-packages\MySQLdb\connections.py", line 280, in query
    _mysql.connection.query(self, query)
    ~~~~~~~~~~~~~~~~~~~~~~~^^^^^^^^^^^^^
MySQLdb.OperationalError: (2006, 'Server has gone away')

The above exception was the direct cause of the following exception:

Traceback (most recent call last):
  File "D:\SynologyDrive\个人文件\pycode\server_management\app01\views\permission.py", line 126, in check_expired_passwords
    if expired_servers.exists() or auto_expired_servers.exists():
       ~~~~~~~~~~~~~~~~~~~~~~^^
  File "D:\SynologyDrive\个人文件\pycode\server_management\.venv\Lib\site-packages\django\db\models\query.py", line 1296, in exists
    return self.query.has_results(using=self.db)
           ~~~~~~~~~~~~~~~~~~~~~~^^^^^^^^^^^^^^^
  File "D:\SynologyDrive\个人文件\pycode\server_management\.venv\Lib\site-packages\django\db\models\sql\query.py", line 674, in has_results
    return compiler.has_results()
           ~~~~~~~~~~~~~~~~~~~~^^
  File "D:\SynologyDrive\个人文件\pycode\server_management\.venv\Lib\site-packages\django\db\models\sql\compiler.py", line 1591, in has_results
    return bool(self.execute_sql(SINGLE))
                ~~~~~~~~~~~~~~~~^^^^^^^^
  File "D:\SynologyDrive\个人文件\pycode\server_management\.venv\Lib\site-packages\django\db\models\sql\compiler.py", line 1623, in execute_sql
    cursor.execute(sql, params)
    ~~~~~~~~~~~~~~^^^^^^^^^^^^^
  File "D:\SynologyDrive\个人文件\pycode\server_management\.venv\Lib\site-packages\django\db\backends\utils.py", line 122, in execute
    return super().execute(sql, params)
           ~~~~~~~~~~~~~~~^^^^^^^^^^^^^
  File "D:\SynologyDrive\个人文件\pycode\server_management\.venv\Lib\site-packages\django\db\backends\utils.py", line 79, in execute
    return self._execute_with_wrappers(
           ~~~~~~~~~~~~~~~~~~~~~~~~~~~^
        sql, params, many=False, executor=self._execute
        ^^^^^^^^^^^^^^^^^^^^^^^^^^^^^^^^^^^^^^^^^^^^^^^
    )
    ^
  File "D:\SynologyDrive\个人文件\pycode\server_management\.venv\Lib\site-packages\django\db\backends\utils.py", line 92, in _execute_with_wrappers
    return executor(sql, params, many, context)
  File "D:\SynologyDrive\个人文件\pycode\server_management\.venv\Lib\site-packages\django\db\backends\utils.py", line 100, in _execute
    with self.db.wrap_database_errors:
         ^^^^^^^^^^^^^^^^^^^^^^^^^^^^
  File "D:\SynologyDrive\个人文件\pycode\server_management\.venv\Lib\site-packages\django\db\utils.py", line 91, in __exit__
    raise dj_exc_value.with_traceback(traceback) from exc_value
  File "D:\SynologyDrive\个人文件\pycode\server_management\.venv\Lib\site-packages\django\db\backends\utils.py", line 105, in _execute
    return self.cursor.execute(sql, params)
           ~~~~~~~~~~~~~~~~~~~^^^^^^^^^^^^^
  File "D:\SynologyDrive\个人文件\pycode\server_management\.venv\Lib\site-packages\django\db\backends\mysql\base.py", line 76, in execute
    return self.cursor.execute(query, args)
           ~~~~~~~~~~~~~~~~~~~^^^^^^^^^^^^^
  File "D:\SynologyDrive\个人文件\pycode\server_management\.venv\Lib\site-packages\MySQLdb\cursors.py", line 179, in execute
    res = self._query(mogrified_query)
  File "D:\SynologyDrive\个人文件\pycode\server_management\.venv\Lib\site-packages\MySQLdb\cursors.py", line 330, in _query
    db.query(q)
    ~~~~~~~~^^^
  File "D:\SynologyDrive\个人文件\pycode\server_management\.venv\Lib\site-packages\MySQLdb\connections.py", line 280, in query
    _mysql.connection.query(self, query)
    ~~~~~~~~~~~~~~~~~~~~~~~^^^^^^^^^^^^^
django.db.utils.OperationalError: (2006, 'Server has gone away')
DEBUG 2026-06-22 10:34:49,471 middleware 请求路径: /index/
DEBUG 2026-06-22 10:35:03,121 middleware 请求方法: GET
DEBUG 2026-06-22 10:35:03,124 middleware 检查认证: /index/
DEBUG 2026-06-22 10:35:03,883 middleware 令牌验证成功: 用户 王政君
INFO 2026-06-22 10:35:03,884 pages 用户 王政君 访问首页
INFO 2026-06-22 10:35:03,938 pages 总共加载了 1 个主机
INFO 2026-06-22 10:35:03,943 basehttp "GET /index/ HTTP/1.1" 200 10331
